"Time","Message","Severity"
"5/10/2024 1:57 PM","Clearing existing Azure connection","Information"
"5/10/2024 1:57 PM","Clearing existing Azure context 
","Information"
"5/10/2024 1:57 PM","Clearing of existing connection and context completed.","Information"
"5/10/2024 1:57 PM","Working in Subscription: Thungela-Sentinel","Information"
"5/10/2024 1:57 PM","Listing Log Analytics workspace","Information"
"5/10/2024 1:57 PM","Retrieving tables from LA-SAN-ThungelaSentinel","Information"
"5/10/2024 2:43 PM","Table : AACAudit archive updated successfully to 365","Information"
"5/10/2024 2:43 PM","Table : AACHttpRequest archive updated successfully to 365","Information"
"5/10/2024 2:43 PM","Table : AADB2CRequestLogs archive updated successfully to 365","Information"
"5/10/2024 2:43 PM","Table : AADCustomSecurityAttributeAuditLogs archive updated successfully to 365","Information"
"5/10/2024 2:43 PM","Table : AADDomainServicesAccountLogon archive updated successfully to 365","Information"
"5/10/2024 2:43 PM","Table : AADDomainServicesAccountManagement archive updated successfully to 365","Information"
"5/10/2024 2:43 PM","Table : AADDomainServicesDirectoryServiceAccess archive updated successfully to 365","Information"
"5/10/2024 2:43 PM","Table : AADDomainServicesDNSAuditsDynamicUpdates archive updated successfully to 365","Information"
"5/10/2024 2:43 PM","Table : AADDomainServicesDNSAuditsGeneral archive updated successfully to 365","Information"
"5/10/2024 2:43 PM","Table : AADDomainServicesLogonLogoff archive updated successfully to 365","Information"
"5/10/2024 2:43 PM","Table : AADDomainServicesPolicyChange archive updated successfully to 365","Information"
"5/10/2024 2:43 PM","Table : AADDomainServicesPrivilegeUse archive updated successfully to 365","Information"
"5/10/2024 2:43 PM","Table : AADManagedIdentitySignInLogs archive updated successfully to 365","Information"
"5/10/2024 2:44 PM","Table : AADNonInteractiveUserSignInLogs archive updated successfully to 365","Information"
"5/10/2024 2:44 PM","Table : AADProvisioningLogs archive updated successfully to 365","Information"
"5/10/2024 2:44 PM","Table : AADRiskyServicePrincipals archive updated successfully to 365","Information"
"5/10/2024 2:44 PM","Table : AADRiskyUsers archive updated successfully to 365","Information"
"5/10/2024 2:44 PM","Table : AADServicePrincipalRiskEvents archive updated successfully to 365","Information"
"5/10/2024 2:44 PM","Table : AADServicePrincipalSignInLogs archive updated successfully to 365","Information"
"5/10/2024 2:44 PM","Table : AADUserRiskEvents archive updated successfully to 365","Information"
"5/10/2024 2:44 PM","Table : ABSBotRequests archive updated successfully to 365","Information"
"5/10/2024 2:44 PM","Table : ABSChannelToBotRequests archive updated successfully to 365","Information"
"5/10/2024 2:44 PM","Table : ABSDependenciesRequests archive updated successfully to 365","Information"
"5/10/2024 2:44 PM","Table : ACICollaborationAudit archive updated successfully to 365","Information"
"5/10/2024 2:44 PM","Table : ACRConnectedClientList archive updated successfully to 365","Information"
"5/10/2024 2:44 PM","Table : ACSAuthIncomingOperations archive updated successfully to 365","Information"
"5/10/2024 2:44 PM","Table : ACSCallAutomationIncomingOperations archive updated successfully to 365","Information"
"5/10/2024 2:44 PM","Table : ACSCallAutomationMediaSummary archive updated successfully to 365","Information"
"5/10/2024 2:45 PM","Table : ACSCallClientMediaStatsTimeSeries archive updated successfully to 365","Information"
"5/10/2024 2:45 PM","Table : ACSCallClientOperations archive updated successfully to 365","Information"
"5/10/2024 2:45 PM","Table : ACSCallClosedCaptionsSummary archive updated successfully to 365","Information"
"5/10/2024 2:45 PM","Table : ACSCallDiagnostics archive updated successfully to 365","Information"
"5/10/2024 2:45 PM","Table : ACSCallRecordingIncomingOperations archive updated successfully to 365","Information"
"5/10/2024 2:45 PM","Table : ACSCallRecordingSummary archive updated successfully to 365","Information"
"5/10/2024 2:45 PM","Table : ACSCallSummary archive updated successfully to 365","Information"
"5/10/2024 2:45 PM","Table : ACSCallSurvey archive updated successfully to 365","Information"
"5/10/2024 2:45 PM","Table : ACSChatIncomingOperations archive updated successfully to 365","Information"
"5/10/2024 2:45 PM","Table : ACSEmailSendMailOperational archive updated successfully to 365","Information"
"5/10/2024 2:45 PM","Table : ACSEmailStatusUpdateOperational archive updated successfully to 365","Information"
"5/10/2024 2:45 PM","Table : ACSEmailUserEngagementOperational archive updated successfully to 365","Information"
"5/10/2024 2:45 PM","Table : ACSJobRouterIncomingOperations archive updated successfully to 365","Information"
"5/10/2024 2:45 PM","Table : ACSNetworkTraversalDiagnostics archive updated successfully to 365","Information"
"5/10/2024 2:45 PM","Table : ACSNetworkTraversalIncomingOperations archive updated successfully to 365","Information"
"5/10/2024 2:46 PM","Table : ACSRoomsIncomingOperations archive updated successfully to 365","Information"
"5/10/2024 2:46 PM","Table : ACSSMSIncomingOperations archive updated successfully to 365","Information"
"5/10/2024 2:46 PM","Table : ADAssessmentRecommendation archive updated successfully to 365","Information"
"5/10/2024 2:46 PM","Table : AddonAzureBackupAlerts archive updated successfully to 365","Information"
"5/10/2024 2:46 PM","Table : AddonAzureBackupJobs archive updated successfully to 365","Information"
"5/10/2024 2:46 PM","Table : AddonAzureBackupPolicy archive updated successfully to 365","Information"
"5/10/2024 2:46 PM","Table : AddonAzureBackupProtectedInstance archive updated successfully to 365","Information"
"5/10/2024 2:46 PM","Table : AddonAzureBackupStorage archive updated successfully to 365","Information"
"5/10/2024 2:46 PM","Table : ADFActivityRun archive updated successfully to 365","Information"
"5/10/2024 2:46 PM","Table : ADFAirflowSchedulerLogs archive updated successfully to 365","Information"
"5/10/2024 2:46 PM","Table : ADFAirflowTaskLogs archive updated successfully to 365","Information"
"5/10/2024 2:46 PM","Table : ADFAirflowWebLogs archive updated successfully to 365","Information"
"5/10/2024 2:46 PM","Table : ADFAirflowWorkerLogs archive updated successfully to 365","Information"
"5/10/2024 2:47 PM","Table : ADFPipelineRun archive updated successfully to 365","Information"
"5/10/2024 2:47 PM","Table : ADFSandboxActivityRun archive updated successfully to 365","Information"
"5/10/2024 2:47 PM","Table : ADFSandboxPipelineRun archive updated successfully to 365","Information"
"5/10/2024 2:47 PM","Table : ADFSSignInLogs archive updated successfully to 365","Information"
"5/10/2024 2:47 PM","Table : ADFSSISIntegrationRuntimeLogs archive updated successfully to 365","Information"
"5/10/2024 2:47 PM","Table : ADFSSISPackageEventMessageContext archive updated successfully to 365","Information"
"5/10/2024 2:47 PM","Table : ADFSSISPackageEventMessages archive updated successfully to 365","Information"
"5/10/2024 2:47 PM","Table : ADFSSISPackageExecutableStatistics archive updated successfully to 365","Information"
"5/10/2024 2:47 PM","Table : ADFSSISPackageExecutionComponentPhases archive updated successfully to 365","Information"
"5/10/2024 2:47 PM","Table : ADFSSISPackageExecutionDataStatistics archive updated successfully to 365","Information"
"5/10/2024 2:47 PM","Table : ADFTriggerRun archive updated successfully to 365","Information"
"5/10/2024 2:47 PM","Table : ADPAudit archive updated successfully to 365","Information"
"5/10/2024 2:47 PM","Table : ADPDiagnostics archive updated successfully to 365","Information"
"5/10/2024 2:48 PM","Table : ADPRequests archive updated successfully to 365","Information"
"5/10/2024 2:48 PM","Table : ADReplicationResult archive updated successfully to 365","Information"
"5/10/2024 2:48 PM","Table : ADSecurityAssessmentRecommendation archive updated successfully to 365","Information"
"5/10/2024 2:48 PM","Table : ADTDataHistoryOperation archive updated successfully to 365","Information"
"5/10/2024 2:48 PM","Table : ADTDigitalTwinsOperation archive updated successfully to 365","Information"
"5/10/2024 2:48 PM","Table : ADTEventRoutesOperation archive updated successfully to 365","Information"
"5/10/2024 2:48 PM","Table : ADTModelsOperation archive updated successfully to 365","Information"
"5/10/2024 2:48 PM","Table : ADTQueryOperation archive updated successfully to 365","Information"
"5/10/2024 2:48 PM","Table : ADXCommand archive updated successfully to 365","Information"
"5/10/2024 2:48 PM","Table : ADXIngestionBatching archive updated successfully to 365","Information"
"5/10/2024 2:48 PM","Table : ADXJournal archive updated successfully to 365","Information"
"5/10/2024 2:48 PM","Table : ADXQuery archive updated successfully to 365","Information"
"5/10/2024 2:48 PM","Table : ADXTableDetails archive updated successfully to 365","Information"
"5/10/2024 2:48 PM","Table : AegDataPlaneRequests archive updated successfully to 365","Information"
"5/10/2024 2:48 PM","Table : AegDeliveryFailureLogs archive updated successfully to 365","Information"
"5/10/2024 2:48 PM","Table : AegPublishFailureLogs archive updated successfully to 365","Information"
"5/10/2024 2:49 PM","Table : AEWAssignmentBlobLogs archive updated successfully to 365","Information"
"5/10/2024 2:49 PM","Table : AEWAuditLogs archive updated successfully to 365","Information"
"5/10/2024 2:49 PM","Table : AEWComputePipelinesLogs archive updated successfully to 365","Information"
"5/10/2024 2:49 PM","Table : AFSAuditLogs archive updated successfully to 365","Information"
"5/10/2024 2:49 PM","Table : AGCAccessLogs archive updated successfully to 365","Information"
"5/10/2024 2:49 PM","Table : AgriFoodApplicationAuditLogs archive updated successfully to 365","Information"
"5/10/2024 2:49 PM","Table : AgriFoodFarmManagementLogs archive updated successfully to 365","Information"
"5/10/2024 2:49 PM","Table : AgriFoodFarmOperationLogs archive updated successfully to 365","Information"
"5/10/2024 2:49 PM","Table : AgriFoodInsightLogs archive updated successfully to 365","Information"
"5/10/2024 2:49 PM","Table : AgriFoodJobProcessedLogs archive updated successfully to 365","Information"
"5/10/2024 2:49 PM","Table : AgriFoodModelInferenceLogs archive updated successfully to 365","Information"
"5/10/2024 2:49 PM","Table : AgriFoodProviderAuthLogs archive updated successfully to 365","Information"
"5/10/2024 2:49 PM","Table : AgriFoodSatelliteLogs archive updated successfully to 365","Information"
"5/10/2024 2:50 PM","Table : AgriFoodSensorManagementLogs archive updated successfully to 365","Information"
"5/10/2024 2:50 PM","Table : AgriFoodWeatherLogs archive updated successfully to 365","Information"
"5/10/2024 2:50 PM","Table : AGSGrafanaLoginEvents archive updated successfully to 365","Information"
"5/10/2024 2:50 PM","Table : AGWAccessLogs archive updated successfully to 365","Information"
"5/10/2024 2:50 PM","Table : AGWFirewallLogs archive updated successfully to 365","Information"
"5/10/2024 2:50 PM","Table : AGWPerformanceLogs archive updated successfully to 365","Information"
"5/10/2024 2:50 PM","Table : AHDSDicomAuditLogs archive updated successfully to 365","Information"
"5/10/2024 2:50 PM","Table : AHDSDicomDiagnosticLogs archive updated successfully to 365","Information"
"5/10/2024 2:50 PM","Table : AHDSMedTechDiagnosticLogs archive updated successfully to 365","Information"
"5/10/2024 2:50 PM","Table : AirflowDagProcessingLogs archive updated successfully to 365","Information"
"5/10/2024 2:50 PM","Table : AKSAudit archive updated successfully to 365","Information"
"5/10/2024 2:50 PM","Table : AKSAuditAdmin archive updated successfully to 365","Information"
"5/10/2024 2:50 PM","Table : AKSControlPlane archive updated successfully to 365","Information"
"5/10/2024 2:50 PM","Table : ALBHealthEvent archive updated successfully to 365","Information"
"5/10/2024 2:50 PM","Table : Alert archive updated successfully to 365","Information"
"5/10/2024 2:50 PM","Table : AlertEvidence archive updated successfully to 365","Information"
"5/10/2024 2:51 PM","Table : AlertHistory archive updated successfully to 365","Information"
"5/10/2024 2:51 PM","Table : AlertInfo archive updated successfully to 365","Information"
"5/10/2024 2:51 PM","Table : AmlComputeClusterEvent archive updated successfully to 365","Information"
"5/10/2024 2:51 PM","Table : AmlComputeClusterNodeEvent archive updated successfully to 365","Information"
"5/10/2024 2:51 PM","Table : AmlComputeCpuGpuUtilization archive updated successfully to 365","Information"
"5/10/2024 2:51 PM","Table : AmlComputeInstanceEvent archive updated successfully to 365","Information"
"5/10/2024 2:51 PM","Table : AmlComputeJobEvent archive updated successfully to 365","Information"
"5/10/2024 2:51 PM","Table : AmlDataLabelEvent archive updated successfully to 365","Information"
"5/10/2024 2:51 PM","Table : AmlDataSetEvent archive updated successfully to 365","Information"
"5/10/2024 2:51 PM","Table : AmlDataStoreEvent archive updated successfully to 365","Information"
"5/10/2024 2:51 PM","Table : AmlDeploymentEvent archive updated successfully to 365","Information"
"5/10/2024 2:51 PM","Table : AmlEnvironmentEvent archive updated successfully to 365","Information"
"5/10/2024 2:51 PM","Table : AmlInferencingEvent archive updated successfully to 365","Information"
"5/10/2024 2:51 PM","Table : AmlModelsEvent archive updated successfully to 365","Information"
"5/10/2024 2:51 PM","Table : AmlOnlineEndpointConsoleLog archive updated successfully to 365","Information"
"5/10/2024 2:52 PM","Table : AmlOnlineEndpointEventLog archive updated successfully to 365","Information"
"5/10/2024 2:52 PM","Table : AmlOnlineEndpointTrafficLog archive updated successfully to 365","Information"
"5/10/2024 2:52 PM","Table : AmlPipelineEvent archive updated successfully to 365","Information"
"5/10/2024 2:52 PM","Table : AmlRegistryReadEventsLog archive updated successfully to 365","Information"
"5/10/2024 2:52 PM","Table : AmlRegistryWriteEventsLog archive updated successfully to 365","Information"
"5/10/2024 2:52 PM","Table : AmlRunEvent archive updated successfully to 365","Information"
"5/10/2024 2:52 PM","Table : AmlRunStatusChangedEvent archive updated successfully to 365","Information"
"5/10/2024 2:52 PM","Table : AMSKeyDeliveryRequests archive updated successfully to 365","Information"
"5/10/2024 2:52 PM","Table : AMSLiveEventOperations archive updated successfully to 365","Information"
"5/10/2024 2:52 PM","Table : AMSMediaAccountHealth archive updated successfully to 365","Information"
"5/10/2024 2:52 PM","Table : AMSStreamingEndpointRequests archive updated successfully to 365","Information"
"5/10/2024 2:52 PM","Table : ANFFileAccess archive updated successfully to 365","Information"
"5/10/2024 2:52 PM","Table : Anomalies archive updated successfully to 365","Information"
"5/10/2024 2:52 PM","Table : AOIDatabaseQuery archive updated successfully to 365","Information"
"5/10/2024 2:53 PM","Table : AOIDigestion archive updated successfully to 365","Information"
"5/10/2024 2:53 PM","Table : AOIStorage archive updated successfully to 365","Information"
"5/10/2024 2:53 PM","Table : ApiManagementGatewayLogs archive updated successfully to 365","Information"
"5/10/2024 2:53 PM","Table : ApiManagementWebSocketConnectionLogs archive updated successfully to 365","Information"
"5/10/2024 2:53 PM","Table : AppAvailabilityResults archive updated successfully to 365","Information"
"5/10/2024 2:53 PM","Table : AppBrowserTimings archive updated successfully to 365","Information"
"5/10/2024 2:53 PM","Table : AppCenterError archive updated successfully to 365","Information"
"5/10/2024 2:53 PM","Table : AppDependencies archive updated successfully to 365","Information"
"5/10/2024 2:53 PM","Table : AppEnvSpringAppConsoleLogs archive updated successfully to 365","Information"
"5/10/2024 2:53 PM","Table : AppEvents archive updated successfully to 365","Information"
"5/10/2024 2:53 PM","Table : AppExceptions archive updated successfully to 365","Information"
"5/10/2024 2:53 PM","Table : AppMetrics archive updated successfully to 365","Information"
"5/10/2024 2:53 PM","Table : AppPageViews archive updated successfully to 365","Information"
"5/10/2024 2:53 PM","Table : AppPerformanceCounters archive updated successfully to 365","Information"
"5/10/2024 2:53 PM","Table : AppPlatformBuildLogs archive updated successfully to 365","Information"
"5/10/2024 2:54 PM","Table : AppPlatformContainerEventLogs archive updated successfully to 365","Information"
"5/10/2024 2:54 PM","Table : AppPlatformIngressLogs archive updated successfully to 365","Information"
"5/10/2024 2:54 PM","Table : AppPlatformLogsforSpring archive updated successfully to 365","Information"
"5/10/2024 2:54 PM","Table : AppPlatformSystemLogs archive updated successfully to 365","Information"
"5/10/2024 2:54 PM","Table : AppRequests archive updated successfully to 365","Information"
"5/10/2024 2:54 PM","Table : AppServiceAntivirusScanAuditLogs archive updated successfully to 365","Information"
"5/10/2024 2:54 PM","Table : AppServiceAppLogs archive updated successfully to 365","Information"
"5/10/2024 2:54 PM","Table : AppServiceAuditLogs archive updated successfully to 365","Information"
"5/10/2024 2:54 PM","Table : AppServiceAuthenticationLogs archive updated successfully to 365","Information"
"5/10/2024 2:54 PM","Table : AppServiceConsoleLogs archive updated successfully to 365","Information"
"5/10/2024 2:54 PM","Table : AppServiceEnvironmentPlatformLogs archive updated successfully to 365","Information"
"5/10/2024 2:54 PM","Table : AppServiceFileAuditLogs archive updated successfully to 365","Information"
"5/10/2024 2:54 PM","Table : AppServiceHTTPLogs archive updated successfully to 365","Information"
"5/10/2024 2:54 PM","Table : AppServiceIPSecAuditLogs archive updated successfully to 365","Information"
"5/10/2024 2:55 PM","Table : AppServicePlatformLogs archive updated successfully to 365","Information"
"5/10/2024 2:55 PM","Table : AppServiceServerlessSecurityPluginData archive updated successfully to 365","Information"
"5/10/2024 2:55 PM","Table : AppSystemEvents archive updated successfully to 365","Information"
"5/10/2024 2:55 PM","Table : AppTraces archive updated successfully to 365","Information"
"5/10/2024 2:55 PM","Table : ArcK8sAudit archive updated successfully to 365","Information"
"5/10/2024 2:55 PM","Table : ArcK8sAuditAdmin archive updated successfully to 365","Information"
"5/10/2024 2:55 PM","Table : ArcK8sControlPlane archive updated successfully to 365","Information"
"5/10/2024 2:55 PM","Table : ASCAuditLogs archive updated successfully to 365","Information"
"5/10/2024 2:55 PM","Table : ASCDeviceEvents archive updated successfully to 365","Information"
"5/10/2024 2:55 PM","Table : ASimAuditEventLogs archive updated successfully to 365","Information"
"5/10/2024 2:55 PM","Table : ASimAuthenticationEventLogs archive updated successfully to 365","Information"
"5/10/2024 2:55 PM","Table : ASimDhcpEventLogs archive updated successfully to 365","Information"
"5/10/2024 2:55 PM","Table : ASimDnsActivityLogs archive updated successfully to 365","Information"
"5/10/2024 2:55 PM","Table : ASimFileEventLogs archive updated successfully to 365","Information"
"5/10/2024 2:56 PM","Table : ASimNetworkSessionLogs archive updated successfully to 365","Information"
"5/10/2024 2:56 PM","Table : ASimProcessEventLogs archive updated successfully to 365","Information"
"5/10/2024 2:56 PM","Table : ASimRegistryEventLogs archive updated successfully to 365","Information"
"5/10/2024 2:56 PM","Table : ASimUserManagementActivityLogs archive updated successfully to 365","Information"
"5/10/2024 2:56 PM","Table : ASimWebSessionLogs archive updated successfully to 365","Information"
"5/10/2024 2:56 PM","Table : ASRJobs archive updated successfully to 365","Information"
"5/10/2024 2:56 PM","Table : ASRReplicatedItems archive updated successfully to 365","Information"
"5/10/2024 2:56 PM","Table : ATCExpressRouteCircuitIpfix archive updated successfully to 365","Information"
"5/10/2024 2:56 PM","Table : AuditLogs archive updated successfully to 365","Information"
"5/10/2024 2:56 PM","Table : AUIEventsAudit archive updated successfully to 365","Information"
"5/10/2024 2:56 PM","Table : AUIEventsOperational archive updated successfully to 365","Information"
"5/10/2024 2:56 PM","Table : AutomationAccounts archive updated successfully to 365","Information"
"5/10/2024 2:56 PM","Table : AutoscaleEvaluationsLog archive updated successfully to 365","Information"
"5/10/2024 2:57 PM","Table : AutoscaleScaleActionsLog archive updated successfully to 365","Information"
"5/10/2024 2:57 PM","Table : AVNMConnectivityConfigurationChange archive updated successfully to 365","Information"
"5/10/2024 2:57 PM","Table : AVNMIPAMPoolAllocationChange archive updated successfully to 365","Information"
"5/10/2024 2:57 PM","Table : AVNMNetworkGroupMembershipChange archive updated successfully to 365","Information"
"5/10/2024 2:57 PM","Table : AVNMRuleCollectionChange archive updated successfully to 365","Information"
"5/10/2024 2:57 PM","Table : AVSSyslog archive updated successfully to 365","Information"
"5/10/2024 2:57 PM","Table : AWSCloudTrail archive updated successfully to 365","Information"
"5/10/2024 2:57 PM","Table : AWSCloudWatch archive updated successfully to 365","Information"
"5/10/2024 2:57 PM","Table : AWSGuardDuty archive updated successfully to 365","Information"
"5/10/2024 2:57 PM","Table : AWSVPCFlow archive updated successfully to 365","Information"
"5/10/2024 2:57 PM","Table : AZFWApplicationRule archive updated successfully to 365","Information"
"5/10/2024 2:57 PM","Table : AZFWApplicationRuleAggregation archive updated successfully to 365","Information"
"5/10/2024 2:57 PM","Table : AZFWDnsQuery archive updated successfully to 365","Information"
"5/10/2024 2:57 PM","Table : AZFWFatFlow archive updated successfully to 365","Information"
"5/10/2024 2:58 PM","Table : AZFWFlowTrace archive updated successfully to 365","Information"
"5/10/2024 2:58 PM","Table : AZFWIdpsSignature archive updated successfully to 365","Information"
"5/10/2024 2:58 PM","Table : AZFWInternalFqdnResolutionFailure archive updated successfully to 365","Information"
"5/10/2024 2:58 PM","Table : AZFWNatRule archive updated successfully to 365","Information"
"5/10/2024 2:58 PM","Table : AZFWNatRuleAggregation archive updated successfully to 365","Information"
"5/10/2024 2:58 PM","Table : AZFWNetworkRule archive updated successfully to 365","Information"
"5/10/2024 2:58 PM","Table : AZFWNetworkRuleAggregation archive updated successfully to 365","Information"
"5/10/2024 2:58 PM","Table : AZFWThreatIntel archive updated successfully to 365","Information"
"5/10/2024 2:58 PM","Table : AZKVAuditLogs archive updated successfully to 365","Information"
"5/10/2024 2:58 PM","Table : AZKVPolicyEvaluationDetailsLogs archive updated successfully to 365","Information"
"5/10/2024 2:58 PM","Table : AZMSApplicationMetricLogs archive updated successfully to 365","Information"
"5/10/2024 2:58 PM","Table : AZMSArchiveLogs archive updated successfully to 365","Information"
"5/10/2024 2:58 PM","Table : AZMSAutoscaleLogs archive updated successfully to 365","Information"
"5/10/2024 2:58 PM","Table : AZMSCustomerManagedKeyUserLogs archive updated successfully to 365","Information"
"5/10/2024 2:59 PM","Table : AZMSDiagnosticErrorLogs archive updated successfully to 365","Information"
"5/10/2024 2:59 PM","Table : AZMSHybridConnectionsEvents archive updated successfully to 365","Information"
"5/10/2024 2:59 PM","Table : AZMSKafkaCoordinatorLogs archive updated successfully to 365","Information"
"5/10/2024 2:59 PM","Table : AZMSKafkaUserErrorLogs archive updated successfully to 365","Information"
"5/10/2024 2:59 PM","Table : AZMSOperationalLogs archive updated successfully to 365","Information"
"5/10/2024 2:59 PM","Table : AZMSRunTimeAuditLogs archive updated successfully to 365","Information"
"5/10/2024 2:59 PM","Table : AZMSVnetConnectionEvents archive updated successfully to 365","Information"
"5/10/2024 2:59 PM","Table : AzureAssessmentRecommendation archive updated successfully to 365","Information"
"5/10/2024 2:59 PM","Table : AzureAttestationDiagnostics archive updated successfully to 365","Information"
"5/10/2024 2:59 PM","Table : AzureBackupOperations archive updated successfully to 365","Information"
"5/10/2024 2:59 PM","Table : AzureCloudHsmAuditLogs archive updated successfully to 365","Information"
"5/10/2024 2:59 PM","Table : AzureDevOpsAuditing archive updated successfully to 365","Information"
"5/10/2024 2:59 PM","Table : AzureDiagnostics archive updated successfully to 365","Information"
"5/10/2024 3:00 PM","Table : AzureLoadTestingOperation archive updated successfully to 365","Information"
"5/10/2024 3:00 PM","Table : AzureMetrics archive updated successfully to 365","Information"
"5/10/2024 3:00 PM","Table : AzureMetricsV2 archive updated successfully to 365","Information"
"5/10/2024 3:00 PM","Table : AzureNetworkAnalytics_CL archive updated successfully to 365","Information"
"5/10/2024 3:00 PM","Table : AzureNetworkAnalyticsIPDetails_CL archive updated successfully to 365","Information"
"5/10/2024 3:00 PM","Table : BaiClusterEvent archive updated successfully to 365","Information"
"5/10/2024 3:00 PM","Table : BaiClusterNodeEvent archive updated successfully to 365","Information"
"5/10/2024 3:00 PM","Table : BaiJobEvent archive updated successfully to 365","Information"
"5/10/2024 3:00 PM","Table : BehaviorAnalytics archive updated successfully to 365","Information"
"5/10/2024 3:00 PM","Table : BlockchainApplicationLog archive updated successfully to 365","Information"
"5/10/2024 3:00 PM","Table : BlockchainProxyLog archive updated successfully to 365","Information"
"5/10/2024 3:00 PM","Table : CassandraAudit archive updated successfully to 365","Information"
"5/10/2024 3:00 PM","Table : CassandraLogs archive updated successfully to 365","Information"
"5/10/2024 3:00 PM","Table : CCFApplicationLogs archive updated successfully to 365","Information"
"5/10/2024 3:01 PM","Table : CDBCassandraRequests archive updated successfully to 365","Information"
"5/10/2024 3:01 PM","Table : CDBControlPlaneRequests archive updated successfully to 365","Information"
"5/10/2024 3:01 PM","Table : CDBDataPlaneRequests archive updated successfully to 365","Information"
"5/10/2024 3:01 PM","Table : CDBGremlinRequests archive updated successfully to 365","Information"
"5/10/2024 3:01 PM","Table : CDBMongoRequests archive updated successfully to 365","Information"
"5/10/2024 3:01 PM","Table : CDBPartitionKeyRUConsumption archive updated successfully to 365","Information"
"5/10/2024 3:01 PM","Table : CDBPartitionKeyStatistics archive updated successfully to 365","Information"
"5/10/2024 3:01 PM","Table : CDBQueryRuntimeStatistics archive updated successfully to 365","Information"
"5/10/2024 3:01 PM","Table : ChaosStudioExperimentEventLogs archive updated successfully to 365","Information"
"5/10/2024 3:01 PM","Table : CHSMManagementAuditLogs archive updated successfully to 365","Information"
"5/10/2024 3:01 PM","Table : CIEventsAudit archive updated successfully to 365","Information"
"5/10/2024 3:01 PM","Table : CIEventsOperational archive updated successfully to 365","Information"
"5/10/2024 3:01 PM","Table : CloudAppEvents archive updated successfully to 365","Information"
"5/10/2024 3:01 PM","Table : CommonSecurityLog archive updated successfully to 365","Information"
"5/10/2024 3:02 PM","Table : ComputerGroup archive updated successfully to 365","Information"
"5/10/2024 3:02 PM","Table : ConfidentialWatchlist archive updated successfully to 365","Information"
"5/10/2024 3:02 PM","Table : ConfigurationChange archive updated successfully to 365","Information"
"5/10/2024 3:02 PM","Table : ConfigurationData archive updated successfully to 365","Information"
"5/10/2024 3:02 PM","Table : ContainerAppConsoleLogs archive updated successfully to 365","Information"
"5/10/2024 3:02 PM","Table : ContainerAppSystemLogs archive updated successfully to 365","Information"
"5/10/2024 3:02 PM","Table : ContainerEvent archive updated successfully to 365","Information"
"5/10/2024 3:02 PM","Table : ContainerImageInventory archive updated successfully to 365","Information"
"5/10/2024 3:02 PM","Table : ContainerInstanceLog archive updated successfully to 365","Information"
"5/10/2024 3:02 PM","Table : ContainerInventory archive updated successfully to 365","Information"
"5/10/2024 3:02 PM","Table : ContainerLog archive updated successfully to 365","Information"
"5/10/2024 3:02 PM","Table : ContainerLogV2 archive updated successfully to 365","Information"
"5/10/2024 3:02 PM","Table : ContainerNodeInventory archive updated successfully to 365","Information"
"5/10/2024 3:03 PM","Table : ContainerRegistryLoginEvents archive updated successfully to 365","Information"
"5/10/2024 3:03 PM","Table : ContainerRegistryRepositoryEvents archive updated successfully to 365","Information"
"5/10/2024 3:03 PM","Table : ContainerServiceLog archive updated successfully to 365","Information"
"5/10/2024 3:03 PM","Table : CoreAzureBackup archive updated successfully to 365","Information"
"5/10/2024 3:03 PM","Table : DatabricksAccounts archive updated successfully to 365","Information"
"5/10/2024 3:03 PM","Table : DatabricksBrickStoreHttpGateway archive updated successfully to 365","Information"
"5/10/2024 3:03 PM","Table : DatabricksCapsule8Dataplane archive updated successfully to 365","Information"
"5/10/2024 3:03 PM","Table : DatabricksClamAVScan archive updated successfully to 365","Information"
"5/10/2024 3:03 PM","Table : DatabricksCloudStorageMetadata archive updated successfully to 365","Information"
"5/10/2024 3:03 PM","Table : DatabricksClusterLibraries archive updated successfully to 365","Information"
"5/10/2024 3:03 PM","Table : DatabricksClusters archive updated successfully to 365","Information"
"5/10/2024 3:03 PM","Table : DatabricksDashboards archive updated successfully to 365","Information"
"5/10/2024 3:03 PM","Table : DatabricksDatabricksSQL archive updated successfully to 365","Information"
"5/10/2024 3:03 PM","Table : DatabricksDataMonitoring archive updated successfully to 365","Information"
"5/10/2024 3:03 PM","Table : DatabricksDBFS archive updated successfully to 365","Information"
"5/10/2024 3:04 PM","Table : DatabricksDeltaPipelines archive updated successfully to 365","Information"
"5/10/2024 3:04 PM","Table : DatabricksFeatureStore archive updated successfully to 365","Information"
"5/10/2024 3:04 PM","Table : DatabricksFilesystem archive updated successfully to 365","Information"
"5/10/2024 3:04 PM","Table : DatabricksGenie archive updated successfully to 365","Information"
"5/10/2024 3:04 PM","Table : DatabricksGitCredentials archive updated successfully to 365","Information"
"5/10/2024 3:04 PM","Table : DatabricksGlobalInitScripts archive updated successfully to 365","Information"
"5/10/2024 3:04 PM","Table : DatabricksIAMRole archive updated successfully to 365","Information"
"5/10/2024 3:04 PM","Table : DatabricksIngestion archive updated successfully to 365","Information"
"5/10/2024 3:04 PM","Table : DatabricksInstancePools archive updated successfully to 365","Information"
"5/10/2024 3:04 PM","Table : DatabricksJobs archive updated successfully to 365","Information"
"5/10/2024 3:04 PM","Table : DatabricksLineageTracking archive updated successfully to 365","Information"
"5/10/2024 3:04 PM","Table : DatabricksMarketplaceConsumer archive updated successfully to 365","Information"
"5/10/2024 3:04 PM","Table : DatabricksMLflowAcledArtifact archive updated successfully to 365","Information"
"5/10/2024 3:04 PM","Table : DatabricksMLflowExperiment archive updated successfully to 365","Information"
"5/10/2024 3:04 PM","Table : DatabricksModelRegistry archive updated successfully to 365","Information"
"5/10/2024 3:04 PM","Table : DatabricksNotebook archive updated successfully to 365","Information"
"5/10/2024 3:05 PM","Table : DatabricksPartnerHub archive updated successfully to 365","Information"
"5/10/2024 3:05 PM","Table : DatabricksPredictiveOptimization archive updated successfully to 365","Information"
"5/10/2024 3:05 PM","Table : DatabricksRemoteHistoryService archive updated successfully to 365","Information"
"5/10/2024 3:05 PM","Table : DatabricksRepos archive updated successfully to 365","Information"
"5/10/2024 3:05 PM","Table : DatabricksSecrets archive updated successfully to 365","Information"
"5/10/2024 3:05 PM","Table : DatabricksServerlessRealTimeInference archive updated successfully to 365","Information"
"5/10/2024 3:05 PM","Table : DatabricksSQL archive updated successfully to 365","Information"
"5/10/2024 3:05 PM","Table : DatabricksSQLPermissions archive updated successfully to 365","Information"
"5/10/2024 3:05 PM","Table : DatabricksSSH archive updated successfully to 365","Information"
"5/10/2024 3:05 PM","Table : DatabricksTables archive updated successfully to 365","Information"
"5/10/2024 3:05 PM","Table : DatabricksUnityCatalog archive updated successfully to 365","Information"
"5/10/2024 3:05 PM","Table : DatabricksWebTerminal archive updated successfully to 365","Information"
"5/10/2024 3:05 PM","Table : DatabricksWorkspace archive updated successfully to 365","Information"
"5/10/2024 3:06 PM","Table : DataTransferOperations archive updated successfully to 365","Information"
"5/10/2024 3:06 PM","Table : DataverseActivity archive updated successfully to 365","Information"
"5/10/2024 3:06 PM","Table : DCRLogErrors archive updated successfully to 365","Information"
"5/10/2024 3:06 PM","Table : DCRLogTroubleshooting archive updated successfully to 365","Information"
"5/10/2024 3:06 PM","Table : DevCenterBillingEventLogs archive updated successfully to 365","Information"
"5/10/2024 3:06 PM","Table : DevCenterDiagnosticLogs archive updated successfully to 365","Information"
"5/10/2024 3:06 PM","Table : DevCenterResourceOperationLogs archive updated successfully to 365","Information"
"5/10/2024 3:06 PM","Table : DeviceEvents archive updated successfully to 365","Information"
"5/10/2024 3:06 PM","Table : DeviceFileCertificateInfo archive updated successfully to 365","Information"
"5/10/2024 3:06 PM","Table : DeviceFileEvents archive updated successfully to 365","Information"
"5/10/2024 3:06 PM","Table : DeviceImageLoadEvents archive updated successfully to 365","Information"
"5/10/2024 3:06 PM","Table : DeviceInfo archive updated successfully to 365","Information"
"5/10/2024 3:06 PM","Table : DeviceLogonEvents archive updated successfully to 365","Information"
"5/10/2024 3:07 PM","Table : DeviceNetworkEvents archive updated successfully to 365","Information"
"5/10/2024 3:07 PM","Table : DeviceNetworkInfo archive updated successfully to 365","Information"
"5/10/2024 3:07 PM","Table : DeviceProcessEvents archive updated successfully to 365","Information"
"5/10/2024 3:07 PM","Table : DeviceRegistryEvents archive updated successfully to 365","Information"
"5/10/2024 3:07 PM","Table : DeviceTvmSecureConfigurationAssessment archive updated successfully to 365","Information"
"5/10/2024 3:07 PM","Table : DeviceTvmSecureConfigurationAssessmentKB archive updated successfully to 365","Information"
"5/10/2024 3:07 PM","Table : DeviceTvmSoftwareInventory archive updated successfully to 365","Information"
"5/10/2024 3:07 PM","Table : DeviceTvmSoftwareVulnerabilities archive updated successfully to 365","Information"
"5/10/2024 3:07 PM","Table : DeviceTvmSoftwareVulnerabilitiesKB archive updated successfully to 365","Information"
"5/10/2024 3:07 PM","Table : DnsEvents archive updated successfully to 365","Information"
"5/10/2024 3:07 PM","Table : DnsInventory archive updated successfully to 365","Information"
"5/10/2024 3:07 PM","Table : DNSQueryLogs archive updated successfully to 365","Information"
"5/10/2024 3:07 PM","Table : DSMAzureBlobStorageLogs archive updated successfully to 365","Information"
"5/10/2024 3:07 PM","Table : DSMDataClassificationLogs archive updated successfully to 365","Information"
"5/10/2024 3:08 PM","Table : DSMDataLabelingLogs archive updated successfully to 365","Information"
"5/10/2024 3:08 PM","Table : Dynamics365Activity archive updated successfully to 365","Information"
"5/10/2024 3:08 PM","Table : DynamicSummary archive updated successfully to 365","Information"
"5/10/2024 3:08 PM","Table : EGNFailedMqttConnections archive updated successfully to 365","Information"
"5/10/2024 3:08 PM","Table : EGNFailedMqttPublishedMessages archive updated successfully to 365","Information"
"5/10/2024 3:08 PM","Table : EGNFailedMqttSubscriptions archive updated successfully to 365","Information"
"5/10/2024 3:08 PM","Table : EGNMqttDisconnections archive updated successfully to 365","Information"
"5/10/2024 3:08 PM","Table : EGNSuccessfulMqttConnections archive updated successfully to 365","Information"
"5/10/2024 3:08 PM","Table : EmailAttachmentInfo archive updated successfully to 365","Information"
"5/10/2024 3:08 PM","Table : EmailEvents archive updated successfully to 365","Information"
"5/10/2024 3:08 PM","Table : EmailPostDeliveryEvents archive updated successfully to 365","Information"
"5/10/2024 3:08 PM","Table : EmailUrlInfo archive updated successfully to 365","Information"
"5/10/2024 3:08 PM","Table : EnrichedMicrosoft365AuditLogs archive updated successfully to 365","Information"
"5/10/2024 3:08 PM","Table : ETWEvent archive updated successfully to 365","Information"
"5/10/2024 3:08 PM","Table : Event archive updated successfully to 365","Information"
"5/10/2024 3:08 PM","Table : ExchangeAssessmentRecommendation archive updated successfully to 365","Information"
"5/10/2024 3:09 PM","Table : ExchangeOnlineAssessmentRecommendation archive updated successfully to 365","Information"
"5/10/2024 3:09 PM","Table : FailedIngestion archive updated successfully to 365","Information"
"5/10/2024 3:09 PM","Table : FunctionAppLogs archive updated successfully to 365","Information"
"5/10/2024 3:09 PM","Table : GCPAuditLogs archive updated successfully to 365","Information"
"5/10/2024 3:09 PM","Table : GenericAssessments archive updated successfully to 365","Information"
"5/10/2024 3:09 PM","Table : GoogleCloudSCC archive updated successfully to 365","Information"
"5/10/2024 3:09 PM","Table : HDInsightAmbariClusterAlerts archive updated successfully to 365","Information"
"5/10/2024 3:09 PM","Table : HDInsightAmbariSystemMetrics archive updated successfully to 365","Information"
"5/10/2024 3:09 PM","Table : HDInsightGatewayAuditLogs archive updated successfully to 365","Information"
"5/10/2024 3:09 PM","Table : HDInsightHadoopAndYarnLogs archive updated successfully to 365","Information"
"5/10/2024 3:09 PM","Table : HDInsightHadoopAndYarnMetrics archive updated successfully to 365","Information"
"5/10/2024 3:09 PM","Table : HDInsightHBaseLogs archive updated successfully to 365","Information"
"5/10/2024 3:09 PM","Table : HDInsightHBaseMetrics archive updated successfully to 365","Information"
"5/10/2024 3:10 PM","Table : HDInsightHiveAndLLAPLogs archive updated successfully to 365","Information"
"5/10/2024 3:10 PM","Table : HDInsightHiveAndLLAPMetrics archive updated successfully to 365","Information"
"5/10/2024 3:10 PM","Table : HDInsightHiveQueryAppStats archive updated successfully to 365","Information"
"5/10/2024 3:10 PM","Table : HDInsightHiveTezAppStats archive updated successfully to 365","Information"
"5/10/2024 3:10 PM","Table : HDInsightJupyterNotebookEvents archive updated successfully to 365","Information"
"5/10/2024 3:10 PM","Table : HDInsightKafkaLogs archive updated successfully to 365","Information"
"5/10/2024 3:10 PM","Table : HDInsightKafkaMetrics archive updated successfully to 365","Information"
"5/10/2024 3:10 PM","Table : HDInsightKafkaServerLog archive updated successfully to 365","Information"
"5/10/2024 3:10 PM","Table : HDInsightOozieLogs archive updated successfully to 365","Information"
"5/10/2024 3:10 PM","Table : HDInsightRangerAuditLogs archive updated successfully to 365","Information"
"5/10/2024 3:10 PM","Table : HDInsightSecurityLogs archive updated successfully to 365","Information"
"5/10/2024 3:10 PM","Table : HDInsightSparkApplicationEvents archive updated successfully to 365","Information"
"5/10/2024 3:10 PM","Table : HDInsightSparkBlockManagerEvents archive updated successfully to 365","Information"
"5/10/2024 3:10 PM","Table : HDInsightSparkEnvironmentEvents archive updated successfully to 365","Information"
"5/10/2024 3:10 PM","Table : HDInsightSparkExecutorEvents archive updated successfully to 365","Information"
"5/10/2024 3:11 PM","Table : HDInsightSparkExtraEvents archive updated successfully to 365","Information"
"5/10/2024 3:11 PM","Table : HDInsightSparkJobEvents archive updated successfully to 365","Information"
"5/10/2024 3:11 PM","Table : HDInsightSparkLogs archive updated successfully to 365","Information"
"5/10/2024 3:11 PM","Table : HDInsightSparkSQLExecutionEvents archive updated successfully to 365","Information"
"5/10/2024 3:11 PM","Table : HDInsightSparkStageEvents archive updated successfully to 365","Information"
"5/10/2024 3:11 PM","Table : HDInsightSparkStageTaskAccumulables archive updated successfully to 365","Information"
"5/10/2024 3:11 PM","Table : HDInsightSparkTaskEvents archive updated successfully to 365","Information"
"5/10/2024 3:11 PM","Table : HDInsightStormLogs archive updated successfully to 365","Information"
"5/10/2024 3:11 PM","Table : HDInsightStormMetrics archive updated successfully to 365","Information"
"5/10/2024 3:11 PM","Table : HDInsightStormTopologyMetrics archive updated successfully to 365","Information"
"5/10/2024 3:11 PM","Table : HealthStateChangeEvent archive updated successfully to 365","Information"
"5/10/2024 3:11 PM","Table : Heartbeat archive updated successfully to 365","Information"
"5/10/2024 3:11 PM","Table : HuntingBookmark archive updated successfully to 365","Information"
"5/10/2024 3:12 PM","Table : HuntingBookmarks archive updated successfully to 365","Information"
"5/10/2024 3:12 PM","Table : IdentityDirectoryEvents archive updated successfully to 365","Information"
"5/10/2024 3:12 PM","Table : IdentityInfo archive updated successfully to 365","Information"
"5/10/2024 3:12 PM","Table : IdentityLogonEvents archive updated successfully to 365","Information"
"5/10/2024 3:12 PM","Table : IdentityQueryEvents archive updated successfully to 365","Information"
"5/10/2024 3:12 PM","Table : InsightsMetrics archive updated successfully to 365","Information"
"5/10/2024 3:12 PM","Table : IntuneAuditLogs archive updated successfully to 365","Information"
"5/10/2024 3:12 PM","Table : IntuneDeviceComplianceOrg archive updated successfully to 365","Information"
"5/10/2024 3:12 PM","Table : IntuneDevices archive updated successfully to 365","Information"
"5/10/2024 3:12 PM","Table : IntuneOperationalLogs archive updated successfully to 365","Information"
"5/10/2024 3:12 PM","Table : KubeEvents archive updated successfully to 365","Information"
"5/10/2024 3:12 PM","Table : KubeHealth archive updated successfully to 365","Information"
"5/10/2024 3:12 PM","Table : KubeMonAgentEvents archive updated successfully to 365","Information"
"5/10/2024 3:13 PM","Table : KubeNodeInventory archive updated successfully to 365","Information"
"5/10/2024 3:13 PM","Table : KubePodInventory archive updated successfully to 365","Information"
"5/10/2024 3:13 PM","Table : KubePVInventory archive updated successfully to 365","Information"
"5/10/2024 3:13 PM","Table : KubeServices archive updated successfully to 365","Information"
"5/10/2024 3:13 PM","Table : LAQueryLogs archive updated successfully to 365","Information"
"5/10/2024 3:13 PM","Table : LASummaryLogs archive updated successfully to 365","Information"
"5/10/2024 3:13 PM","Table : LinuxAuditLog archive updated successfully to 365","Information"
"5/10/2024 3:13 PM","Table : LogicAppWorkflowRuntime archive updated successfully to 365","Information"
"5/10/2024 3:13 PM","Table : MaliciousIPCommunication archive updated successfully to 365","Information"
"5/10/2024 3:13 PM","Table : McasShadowItReporting archive updated successfully to 365","Information"
"5/10/2024 3:13 PM","Table : MCCEventLogs archive updated successfully to 365","Information"
"5/10/2024 3:13 PM","Table : MCVPAuditLogs archive updated successfully to 365","Information"
"5/10/2024 3:14 PM","Table : MCVPOperationLogs archive updated successfully to 365","Information"
"5/10/2024 3:14 PM","Table : MDCFileIntegrityMonitoringEvents archive updated successfully to 365","Information"
"5/10/2024 3:14 PM","Table : MDECustomCollectionDeviceFileEvents archive updated successfully to 365","Information"
"5/10/2024 3:14 PM","Table : MicrosoftAzureBastionAuditLogs archive updated successfully to 365","Information"
"5/10/2024 3:14 PM","Table : MicrosoftDataShareReceivedSnapshotLog archive updated successfully to 365","Information"
"5/10/2024 3:14 PM","Table : MicrosoftDataShareSentSnapshotLog archive updated successfully to 365","Information"
"5/10/2024 3:14 PM","Table : MicrosoftDataShareShareLog archive updated successfully to 365","Information"
"5/10/2024 3:14 PM","Table : MicrosoftDynamicsTelemetryPerformanceLogs archive updated successfully to 365","Information"
"5/10/2024 3:14 PM","Table : MicrosoftDynamicsTelemetrySystemMetricsLogs archive updated successfully to 365","Information"
"5/10/2024 3:14 PM","Table : MicrosoftGraphActivityLogs archive updated successfully to 365","Information"
"5/10/2024 3:14 PM","Table : MicrosoftHealthcareApisAuditLogs archive updated successfully to 365","Information"
"5/10/2024 3:14 PM","Table : MicrosoftPurviewInformationProtection archive updated successfully to 365","Information"
"5/10/2024 3:14 PM","Table : MNFDeviceUpdates archive updated successfully to 365","Information"
"5/10/2024 3:14 PM","Table : MNFSystemSessionHistoryUpdates archive updated successfully to 365","Information"
"5/10/2024 3:15 PM","Table : MNFSystemStateMessageUpdates archive updated successfully to 365","Information"
"5/10/2024 3:15 PM","Table : NCBMBreakGlassAuditLogs archive updated successfully to 365","Information"
"5/10/2024 3:15 PM","Table : NCBMSecurityDefenderLogs archive updated successfully to 365","Information"
"5/10/2024 3:15 PM","Table : NCBMSecurityLogs archive updated successfully to 365","Information"
"5/10/2024 3:15 PM","Table : NCBMSystemLogs archive updated successfully to 365","Information"
"5/10/2024 3:15 PM","Table : NCCKubernetesLogs archive updated successfully to 365","Information"
"5/10/2024 3:15 PM","Table : NCCVMOrchestrationLogs archive updated successfully to 365","Information"
"5/10/2024 3:15 PM","Table : NCSStorageAlerts archive updated successfully to 365","Information"
"5/10/2024 3:15 PM","Table : NCSStorageLogs archive updated successfully to 365","Information"
"5/10/2024 3:15 PM","Table : NetworkAccessTraffic archive updated successfully to 365","Information"
"5/10/2024 3:15 PM","Table : NetworkMonitoring archive updated successfully to 365","Information"
"5/10/2024 3:15 PM","Table : NetworkSessions archive updated successfully to 365","Information"
"5/10/2024 3:15 PM","Table : NGXOperationLogs archive updated successfully to 365","Information"
"5/10/2024 3:16 PM","Table : NSPAccessLogs archive updated successfully to 365","Information"
"5/10/2024 3:16 PM","Table : NTAInsights archive updated successfully to 365","Information"
"5/10/2024 3:16 PM","Table : NTAIpDetails archive updated successfully to 365","Information"
"5/10/2024 3:16 PM","Table : NTANetAnalytics archive updated successfully to 365","Information"
"5/10/2024 3:16 PM","Table : NTATopologyDetails archive updated successfully to 365","Information"
"5/10/2024 3:16 PM","Table : NTATopologyDetails_CL archive updated successfully to 365","Information"
"5/10/2024 3:16 PM","Table : NWConnectionMonitorDestinationListenerResult archive updated successfully to 365","Information"
"5/10/2024 3:16 PM","Table : NWConnectionMonitorDNSResult archive updated successfully to 365","Information"
"5/10/2024 3:16 PM","Table : NWConnectionMonitorPathResult archive updated successfully to 365","Information"
"5/10/2024 3:16 PM","Table : NWConnectionMonitorTestResult archive updated successfully to 365","Information"
"5/10/2024 3:16 PM","Table : OEPAirFlowTask archive updated successfully to 365","Information"
"5/10/2024 3:16 PM","Table : OEPAuditLogs archive updated successfully to 365","Information"
"5/10/2024 3:16 PM","Table : OEPDataplaneLogs archive updated successfully to 365","Information"
"5/10/2024 3:16 PM","Table : OEPElasticOperator archive updated successfully to 365","Information"
"5/10/2024 3:17 PM","Table : OEPElasticsearch archive updated successfully to 365","Information"
"5/10/2024 3:17 PM","Table : OfficeActivity archive updated successfully to 365","Information"
"5/10/2024 3:17 PM","Table : OLPSupplyChainEntityOperations archive updated successfully to 365","Information"
"5/10/2024 3:17 PM","Table : OLPSupplyChainEvents archive updated successfully to 365","Information"
"5/10/2024 3:17 PM","Table : OmsCustomerProfileFact archive updated successfully to 365","Information"
"5/10/2024 3:17 PM","Table : Operation archive updated successfully to 365","Information"
"5/10/2024 3:17 PM","Table : Perf archive updated successfully to 365","Information"
"5/10/2024 3:17 PM","Table : PFTitleAuditLogs archive updated successfully to 365","Information"
"5/10/2024 3:17 PM","Table : PowerAppsActivity archive updated successfully to 365","Information"
"5/10/2024 3:17 PM","Table : PowerAutomateActivity archive updated successfully to 365","Information"
"5/10/2024 3:17 PM","Table : PowerBIActivity archive updated successfully to 365","Information"
"5/10/2024 3:17 PM","Table : PowerBIAuditTenant archive updated successfully to 365","Information"
"5/10/2024 3:17 PM","Table : PowerBIDatasetsTenant archive updated successfully to 365","Information"
"5/10/2024 3:17 PM","Table : PowerBIDatasetsTenantPreview archive updated successfully to 365","Information"
"5/10/2024 3:17 PM","Table : PowerBIDatasetsWorkspace archive updated successfully to 365","Information"
"5/10/2024 3:18 PM","Table : PowerBIDatasetsWorkspacePreview archive updated successfully to 365","Information"
"5/10/2024 3:18 PM","Table : PowerPlatformAdminActivity archive updated successfully to 365","Information"
"5/10/2024 3:18 PM","Table : PowerPlatformConnectorActivity archive updated successfully to 365","Information"
"5/10/2024 3:18 PM","Table : PowerPlatformDlpActivity archive updated successfully to 365","Information"
"5/10/2024 3:18 PM","Table : ProjectActivity archive updated successfully to 365","Information"
"5/10/2024 3:18 PM","Table : ProtectionStatus archive updated successfully to 365","Information"
"5/10/2024 3:18 PM","Table : PurviewDataSensitivityLogs archive updated successfully to 365","Information"
"5/10/2024 3:18 PM","Table : PurviewScanStatusLogs archive updated successfully to 365","Information"
"5/10/2024 3:18 PM","Table : PurviewSecurityLogs archive updated successfully to 365","Information"
"5/10/2024 3:18 PM","Table : REDConnectionEvents archive updated successfully to 365","Information"
"5/10/2024 3:18 PM","Table : RemoteNetworkHealthLogs archive updated successfully to 365","Information"
"5/10/2024 3:18 PM","Table : RequiredUpdate archive updated successfully to 365","Information"
"5/10/2024 3:18 PM","Table : ReservedCommonFields archive updated successfully to 365","Information"
"5/10/2024 3:18 PM","Table : ResourceManagementPublicAccessLogs archive updated successfully to 365","Information"
"5/10/2024 3:19 PM","Table : SCCMAssessmentRecommendation archive updated successfully to 365","Information"
"5/10/2024 3:19 PM","Table : SCOMAssessmentRecommendation archive updated successfully to 365","Information"
"5/10/2024 3:19 PM","Update-TablesRetention {""error"":{""code"":""ExpiredAuthenticationToken"",""message"":""The access token expiry UTC time '5/10/2024 1:19:07 PM' is earlier than current UTC time '5/10/2024 1:19:08 PM'.""}}","Error"
"5/10/2024 3:19 PM","Table : SCOMAssessmentRecommendation archive updated successfully to 365","Information"
"5/10/2024 3:19 PM","Update-TablesRetention {""error"":{""code"":""ExpiredAuthenticationToken"",""message"":""The access token expiry UTC time '5/10/2024 1:19:07 PM' is earlier than current UTC time '5/10/2024 1:19:08 PM'.""}}","Error"
"5/10/2024 3:19 PM","Table : SCOMAssessmentRecommendation archive updated successfully to 365","Information"
"5/10/2024 3:19 PM","Update-TablesRetention {""error"":{""code"":""ExpiredAuthenticationToken"",""message"":""The access token expiry UTC time '5/10/2024 1:19:07 PM' is earlier than current UTC time '5/10/2024 1:19:08 PM'.""}}","Error"
"5/10/2024 3:19 PM","Table : SCOMAssessmentRecommendation archive updated successfully to 365","Information"
"5/10/2024 3:19 PM","Update-TablesRetention {""error"":{""code"":""ExpiredAuthenticationToken"",""message"":""The access token expiry UTC time '5/10/2024 1:19:07 PM' is earlier than current UTC time '5/10/2024 1:19:08 PM'.""}}","Error"
"5/10/2024 3:19 PM","Table : SCOMAssessmentRecommendation archive updated successfully to 365","Information"
"5/10/2024 3:19 PM","Update-TablesRetention {""error"":{""code"":""ExpiredAuthenticationToken"",""message"":""The access token expiry UTC time '5/10/2024 1:19:07 PM' is earlier than current UTC time '5/10/2024 1:19:08 PM'.""}}","Error"
"5/10/2024 3:19 PM","Table : SCOMAssessmentRecommendation archive updated successfully to 365","Information"
"5/10/2024 3:19 PM","Update-TablesRetention {""error"":{""code"":""ExpiredAuthenticationToken"",""message"":""The access token expiry UTC time '5/10/2024 1:19:07 PM' is earlier than current UTC time '5/10/2024 1:19:08 PM'.""}}","Error"
"5/10/2024 3:19 PM","Table : SCOMAssessmentRecommendation archive updated successfully to 365","Information"
"5/10/2024 3:19 PM","Update-TablesRetention {""error"":{""code"":""ExpiredAuthenticationToken"",""message"":""The access token expiry UTC time '5/10/2024 1:19:07 PM' is earlier than current UTC time '5/10/2024 1:19:09 PM'.""}}","Error"
"5/10/2024 3:19 PM","Table : SCOMAssessmentRecommendation archive updated successfully to 365","Information"
"5/10/2024 3:19 PM","Update-TablesRetention {""error"":{""code"":""ExpiredAuthenticationToken"",""message"":""The access token expiry UTC time '5/10/2024 1:19:07 PM' is earlier than current UTC time '5/10/2024 1:19:09 PM'.""}}","Error"
"5/10/2024 3:19 PM","Table : SCOMAssessmentRecommendation archive updated successfully to 365","Information"
"5/10/2024 3:19 PM","Update-TablesRetention {""error"":{""code"":""ExpiredAuthenticationToken"",""message"":""The access token expiry UTC time '5/10/2024 1:19:07 PM' is earlier than current UTC time '5/10/2024 1:19:09 PM'.""}}","Error"
"5/10/2024 3:19 PM","Table : SCOMAssessmentRecommendation archive updated successfully to 365","Information"
"5/10/2024 3:19 PM","Update-TablesRetention {""error"":{""code"":""ExpiredAuthenticationToken"",""message"":""The access token expiry UTC time '5/10/2024 1:19:07 PM' is earlier than current UTC time '5/10/2024 1:19:09 PM'.""}}","Error"
"5/10/2024 3:19 PM","Table : SCOMAssessmentRecommendation archive updated successfully to 365","Information"
"5/10/2024 3:19 PM","Update-TablesRetention {""error"":{""code"":""ExpiredAuthenticationToken"",""message"":""The access token expiry UTC time '5/10/2024 1:19:07 PM' is earlier than current UTC time '5/10/2024 1:19:09 PM'.""}}","Error"
"5/10/2024 3:19 PM","Table : SCOMAssessmentRecommendation archive updated successfully to 365","Information"
"5/10/2024 3:19 PM","Update-TablesRetention {""error"":{""code"":""ExpiredAuthenticationToken"",""message"":""The access token expiry UTC time '5/10/2024 1:19:07 PM' is earlier than current UTC time '5/10/2024 1:19:09 PM'.""}}","Error"
"5/10/2024 3:19 PM","Table : SCOMAssessmentRecommendation archive updated successfully to 365","Information"
"5/10/2024 3:19 PM","Update-TablesRetention {""error"":{""code"":""ExpiredAuthenticationToken"",""message"":""The access token expiry UTC time '5/10/2024 1:19:07 PM' is earlier than current UTC time '5/10/2024 1:19:09 PM'.""}}","Error"
"5/10/2024 3:19 PM","Table : SCOMAssessmentRecommendation archive updated successfully to 365","Information"
"5/10/2024 3:19 PM","Update-TablesRetention {""error"":{""code"":""ExpiredAuthenticationToken"",""message"":""The access token expiry UTC time '5/10/2024 1:19:07 PM' is earlier than current UTC time '5/10/2024 1:19:10 PM'.""}}","Error"
"5/10/2024 3:19 PM","Table : SCOMAssessmentRecommendation archive updated successfully to 365","Information"
"5/10/2024 3:19 PM","Update-TablesRetention {""error"":{""code"":""ExpiredAuthenticationToken"",""message"":""The access token expiry UTC time '5/10/2024 1:19:07 PM' is earlier than current UTC time '5/10/2024 1:19:10 PM'.""}}","Error"
"5/10/2024 3:19 PM","Table : SCOMAssessmentRecommendation archive updated successfully to 365","Information"
"5/10/2024 3:19 PM","Update-TablesRetention {""error"":{""code"":""ExpiredAuthenticationToken"",""message"":""The access token expiry UTC time '5/10/2024 1:19:07 PM' is earlier than current UTC time '5/10/2024 1:19:10 PM'.""}}","Error"
"5/10/2024 3:19 PM","Table : SCOMAssessmentRecommendation archive updated successfully to 365","Information"
"5/10/2024 3:19 PM","Update-TablesRetention {""error"":{""code"":""ExpiredAuthenticationToken"",""message"":""The access token expiry UTC time '5/10/2024 1:19:07 PM' is earlier than current UTC time '5/10/2024 1:19:10 PM'.""}}","Error"
"5/10/2024 3:19 PM","Table : SCOMAssessmentRecommendation archive updated successfully to 365","Information"
"5/10/2024 3:19 PM","Update-TablesRetention {""error"":{""code"":""ExpiredAuthenticationToken"",""message"":""The access token expiry UTC time '5/10/2024 1:19:07 PM' is earlier than current UTC time '5/10/2024 1:19:10 PM'.""}}","Error"
"5/10/2024 3:19 PM","Table : SCOMAssessmentRecommendation archive updated successfully to 365","Information"
"5/10/2024 3:19 PM","Update-TablesRetention {""error"":{""code"":""ExpiredAuthenticationToken"",""message"":""The access token expiry UTC time '5/10/2024 1:19:07 PM' is earlier than current UTC time '5/10/2024 1:19:10 PM'.""}}","Error"
"5/10/2024 3:19 PM","Table : SCOMAssessmentRecommendation archive updated successfully to 365","Information"
"5/10/2024 3:19 PM","Update-TablesRetention {""error"":{""code"":""ExpiredAuthenticationToken"",""message"":""The access token expiry UTC time '5/10/2024 1:19:07 PM' is earlier than current UTC time '5/10/2024 1:19:10 PM'.""}}","Error"
"5/10/2024 3:19 PM","Table : SCOMAssessmentRecommendation archive updated successfully to 365","Information"
"5/10/2024 3:19 PM","Update-TablesRetention {""error"":{""code"":""ExpiredAuthenticationToken"",""message"":""The access token expiry UTC time '5/10/2024 1:19:07 PM' is earlier than current UTC time '5/10/2024 1:19:11 PM'.""}}","Error"
"5/10/2024 3:19 PM","Table : SCOMAssessmentRecommendation archive updated successfully to 365","Information"
"5/10/2024 3:19 PM","Update-TablesRetention {""error"":{""code"":""ExpiredAuthenticationToken"",""message"":""The access token expiry UTC time '5/10/2024 1:19:07 PM' is earlier than current UTC time '5/10/2024 1:19:11 PM'.""}}","Error"
"5/10/2024 3:19 PM","Table : SCOMAssessmentRecommendation archive updated successfully to 365","Information"
"5/10/2024 3:19 PM","Update-TablesRetention {""error"":{""code"":""ExpiredAuthenticationToken"",""message"":""The access token expiry UTC time '5/10/2024 1:19:07 PM' is earlier than current UTC time '5/10/2024 1:19:11 PM'.""}}","Error"
"5/10/2024 3:19 PM","Table : SCOMAssessmentRecommendation archive updated successfully to 365","Information"
"5/10/2024 3:19 PM","Update-TablesRetention {""error"":{""code"":""ExpiredAuthenticationToken"",""message"":""The access token expiry UTC time '5/10/2024 1:19:07 PM' is earlier than current UTC time '5/10/2024 1:19:11 PM'.""}}","Error"
"5/10/2024 3:19 PM","Table : SCOMAssessmentRecommendation archive updated successfully to 365","Information"
"5/10/2024 3:19 PM","Update-TablesRetention {""error"":{""code"":""ExpiredAuthenticationToken"",""message"":""The access token expiry UTC time '5/10/2024 1:19:07 PM' is earlier than current UTC time '5/10/2024 1:19:11 PM'.""}}","Error"
"5/10/2024 3:19 PM","Table : SCOMAssessmentRecommendation archive updated successfully to 365","Information"
"5/10/2024 3:19 PM","Update-TablesRetention {""error"":{""code"":""ExpiredAuthenticationToken"",""message"":""The access token expiry UTC time '5/10/2024 1:19:07 PM' is earlier than current UTC time '5/10/2024 1:19:11 PM'.""}}","Error"
"5/10/2024 3:19 PM","Table : SCOMAssessmentRecommendation archive updated successfully to 365","Information"
"5/10/2024 3:19 PM","Update-TablesRetention {""error"":{""code"":""ExpiredAuthenticationToken"",""message"":""The access token expiry UTC time '5/10/2024 1:19:07 PM' is earlier than current UTC time '5/10/2024 1:19:11 PM'.""}}","Error"
"5/10/2024 3:19 PM","Table : SCOMAssessmentRecommendation archive updated successfully to 365","Information"
"5/10/2024 3:19 PM","Update-TablesRetention {""error"":{""code"":""ExpiredAuthenticationToken"",""message"":""The access token expiry UTC time '5/10/2024 1:19:07 PM' is earlier than current UTC time '5/10/2024 1:19:11 PM'.""}}","Error"
"5/10/2024 3:19 PM","Table : SCOMAssessmentRecommendation archive updated successfully to 365","Information"
"5/10/2024 3:19 PM","Update-TablesRetention {""error"":{""code"":""ExpiredAuthenticationToken"",""message"":""The access token expiry UTC time '5/10/2024 1:19:07 PM' is earlier than current UTC time '5/10/2024 1:19:12 PM'.""}}","Error"
"5/10/2024 3:19 PM","Table : SCOMAssessmentRecommendation archive updated successfully to 365","Information"
"5/10/2024 3:19 PM","Update-TablesRetention {""error"":{""code"":""ExpiredAuthenticationToken"",""message"":""The access token expiry UTC time '5/10/2024 1:19:07 PM' is earlier than current UTC time '5/10/2024 1:19:12 PM'.""}}","Error"
"5/10/2024 3:19 PM","Table : SCOMAssessmentRecommendation archive updated successfully to 365","Information"
"5/10/2024 3:19 PM","Update-TablesRetention {""error"":{""code"":""ExpiredAuthenticationToken"",""message"":""The access token expiry UTC time '5/10/2024 1:19:07 PM' is earlier than current UTC time '5/10/2024 1:19:12 PM'.""}}","Error"
"5/10/2024 3:19 PM","Table : SCOMAssessmentRecommendation archive updated successfully to 365","Information"
"5/10/2024 3:19 PM","Update-TablesRetention {""error"":{""code"":""ExpiredAuthenticationToken"",""message"":""The access token expiry UTC time '5/10/2024 1:19:07 PM' is earlier than current UTC time '5/10/2024 1:19:12 PM'.""}}","Error"
"5/10/2024 3:19 PM","Table : SCOMAssessmentRecommendation archive updated successfully to 365","Information"
"5/10/2024 3:19 PM","Update-TablesRetention {""error"":{""code"":""ExpiredAuthenticationToken"",""message"":""The access token expiry UTC time '5/10/2024 1:19:07 PM' is earlier than current UTC time '5/10/2024 1:19:12 PM'.""}}","Error"
"5/10/2024 3:19 PM","Table : SCOMAssessmentRecommendation archive updated successfully to 365","Information"
"5/10/2024 3:19 PM","Update-TablesRetention {""error"":{""code"":""ExpiredAuthenticationToken"",""message"":""The access token expiry UTC time '5/10/2024 1:19:07 PM' is earlier than current UTC time '5/10/2024 1:19:12 PM'.""}}","Error"
"5/10/2024 3:19 PM","Table : SCOMAssessmentRecommendation archive updated successfully to 365","Information"
"5/10/2024 3:19 PM","Update-TablesRetention {""error"":{""code"":""ExpiredAuthenticationToken"",""message"":""The access token expiry UTC time '5/10/2024 1:19:07 PM' is earlier than current UTC time '5/10/2024 1:19:12 PM'.""}}","Error"
"5/10/2024 3:19 PM","Table : SCOMAssessmentRecommendation archive updated successfully to 365","Information"
"5/10/2024 3:19 PM","Update-TablesRetention {""error"":{""code"":""ExpiredAuthenticationToken"",""message"":""The access token expiry UTC time '5/10/2024 1:19:07 PM' is earlier than current UTC time '5/10/2024 1:19:12 PM'.""}}","Error"
"5/10/2024 3:19 PM","Table : SCOMAssessmentRecommendation archive updated successfully to 365","Information"
"5/10/2024 3:19 PM","Update-TablesRetention {""error"":{""code"":""ExpiredAuthenticationToken"",""message"":""The access token expiry UTC time '5/10/2024 1:19:07 PM' is earlier than current UTC time '5/10/2024 1:19:13 PM'.""}}","Error"
"5/10/2024 3:19 PM","Table : SCOMAssessmentRecommendation archive updated successfully to 365","Information"
"5/10/2024 3:19 PM","Update-TablesRetention {""error"":{""code"":""ExpiredAuthenticationToken"",""message"":""The access token expiry UTC time '5/10/2024 1:19:07 PM' is earlier than current UTC time '5/10/2024 1:19:13 PM'.""}}","Error"
"5/10/2024 3:19 PM","Table : SCOMAssessmentRecommendation archive updated successfully to 365","Information"
"5/10/2024 3:19 PM","Update-TablesRetention {""error"":{""code"":""ExpiredAuthenticationToken"",""message"":""The access token expiry UTC time '5/10/2024 1:19:07 PM' is earlier than current UTC time '5/10/2024 1:19:13 PM'.""}}","Error"
"5/10/2024 3:19 PM","Table : SCOMAssessmentRecommendation archive updated successfully to 365","Information"
"5/10/2024 3:19 PM","Update-TablesRetention {""error"":{""code"":""ExpiredAuthenticationToken"",""message"":""The access token expiry UTC time '5/10/2024 1:19:07 PM' is earlier than current UTC time '5/10/2024 1:19:13 PM'.""}}","Error"
"5/10/2024 3:19 PM","Table : SCOMAssessmentRecommendation archive updated successfully to 365","Information"
"5/10/2024 3:19 PM","Update-TablesRetention {""error"":{""code"":""ExpiredAuthenticationToken"",""message"":""The access token expiry UTC time '5/10/2024 1:19:07 PM' is earlier than current UTC time '5/10/2024 1:19:13 PM'.""}}","Error"
"5/10/2024 3:19 PM","Table : SCOMAssessmentRecommendation archive updated successfully to 365","Information"
"5/10/2024 3:19 PM","Update-TablesRetention {""error"":{""code"":""ExpiredAuthenticationToken"",""message"":""The access token expiry UTC time '5/10/2024 1:19:07 PM' is earlier than current UTC time '5/10/2024 1:19:13 PM'.""}}","Error"
"5/10/2024 3:19 PM","Table : SCOMAssessmentRecommendation archive updated successfully to 365","Information"
"5/10/2024 3:19 PM","Update-TablesRetention {""error"":{""code"":""ExpiredAuthenticationToken"",""message"":""The access token expiry UTC time '5/10/2024 1:19:07 PM' is earlier than current UTC time '5/10/2024 1:19:13 PM'.""}}","Error"
"5/10/2024 3:19 PM","Table : SCOMAssessmentRecommendation archive updated successfully to 365","Information"
"5/10/2024 3:19 PM","Update-TablesRetention {""error"":{""code"":""ExpiredAuthenticationToken"",""message"":""The access token expiry UTC time '5/10/2024 1:19:07 PM' is earlier than current UTC time '5/10/2024 1:19:14 PM'.""}}","Error"
"5/10/2024 3:19 PM","Table : SCOMAssessmentRecommendation archive updated successfully to 365","Information"
"5/10/2024 3:19 PM","Update-TablesRetention {""error"":{""code"":""ExpiredAuthenticationToken"",""message"":""The access token expiry UTC time '5/10/2024 1:19:07 PM' is earlier than current UTC time '5/10/2024 1:19:14 PM'.""}}","Error"
"5/10/2024 3:19 PM","Table : SCOMAssessmentRecommendation archive updated successfully to 365","Information"
"5/10/2024 3:19 PM","Update-TablesRetention {""error"":{""code"":""ExpiredAuthenticationToken"",""message"":""The access token expiry UTC time '5/10/2024 1:19:07 PM' is earlier than current UTC time '5/10/2024 1:19:14 PM'.""}}","Error"
"5/10/2024 3:19 PM","Table : SCOMAssessmentRecommendation archive updated successfully to 365","Information"
"5/10/2024 3:19 PM","Update-TablesRetention {""error"":{""code"":""ExpiredAuthenticationToken"",""message"":""The access token expiry UTC time '5/10/2024 1:19:07 PM' is earlier than current UTC time '5/10/2024 1:19:14 PM'.""}}","Error"
"5/10/2024 3:19 PM","Table : SCOMAssessmentRecommendation archive updated successfully to 365","Information"
"5/10/2024 3:19 PM","Update-TablesRetention {""error"":{""code"":""ExpiredAuthenticationToken"",""message"":""The access token expiry UTC time '5/10/2024 1:19:07 PM' is earlier than current UTC time '5/10/2024 1:19:14 PM'.""}}","Error"
"5/10/2024 3:19 PM","Table : SCOMAssessmentRecommendation archive updated successfully to 365","Information"
"5/10/2024 3:19 PM","Update-TablesRetention {""error"":{""code"":""ExpiredAuthenticationToken"",""message"":""The access token expiry UTC time '5/10/2024 1:19:07 PM' is earlier than current UTC time '5/10/2024 1:19:14 PM'.""}}","Error"
"5/10/2024 3:19 PM","Table : SCOMAssessmentRecommendation archive updated successfully to 365","Information"
"5/10/2024 3:19 PM","Update-TablesRetention {""error"":{""code"":""ExpiredAuthenticationToken"",""message"":""The access token expiry UTC time '5/10/2024 1:19:07 PM' is earlier than current UTC time '5/10/2024 1:19:14 PM'.""}}","Error"
"5/10/2024 3:19 PM","Table : SCOMAssessmentRecommendation archive updated successfully to 365","Information"
"5/10/2024 3:19 PM","Update-TablesRetention {""error"":{""code"":""ExpiredAuthenticationToken"",""message"":""The access token expiry UTC time '5/10/2024 1:19:07 PM' is earlier than current UTC time '5/10/2024 1:19:14 PM'.""}}","Error"
"5/10/2024 3:19 PM","Table : SCOMAssessmentRecommendation archive updated successfully to 365","Information"
"5/10/2024 3:19 PM","Update-TablesRetention {""error"":{""code"":""ExpiredAuthenticationToken"",""message"":""The access token expiry UTC time '5/10/2024 1:19:07 PM' is earlier than current UTC time '5/10/2024 1:19:14 PM'.""}}","Error"
"5/10/2024 3:19 PM","Table : SCOMAssessmentRecommendation archive updated successfully to 365","Information"
"5/10/2024 3:19 PM","Update-TablesRetention {""error"":{""code"":""ExpiredAuthenticationToken"",""message"":""The access token expiry UTC time '5/10/2024 1:19:07 PM' is earlier than current UTC time '5/10/2024 1:19:15 PM'.""}}","Error"
"5/10/2024 3:19 PM","Table : SCOMAssessmentRecommendation archive updated successfully to 365","Information"
"5/10/2024 3:19 PM","Update-TablesRetention {""error"":{""code"":""ExpiredAuthenticationToken"",""message"":""The access token expiry UTC time '5/10/2024 1:19:07 PM' is earlier than current UTC time '5/10/2024 1:19:15 PM'.""}}","Error"
"5/10/2024 3:19 PM","Table : SCOMAssessmentRecommendation archive updated successfully to 365","Information"
"5/10/2024 3:19 PM","Update-TablesRetention {""error"":{""code"":""ExpiredAuthenticationToken"",""message"":""The access token expiry UTC time '5/10/2024 1:19:07 PM' is earlier than current UTC time '5/10/2024 1:19:15 PM'.""}}","Error"
"5/10/2024 3:19 PM","Table : SCOMAssessmentRecommendation archive updated successfully to 365","Information"
"5/10/2024 3:19 PM","Update-TablesRetention {""error"":{""code"":""ExpiredAuthenticationToken"",""message"":""The access token expiry UTC time '5/10/2024 1:19:07 PM' is earlier than current UTC time '5/10/2024 1:19:15 PM'.""}}","Error"
"5/10/2024 3:19 PM","Table : SCOMAssessmentRecommendation archive updated successfully to 365","Information"
"5/10/2024 3:19 PM","Update-TablesRetention {""error"":{""code"":""ExpiredAuthenticationToken"",""message"":""The access token expiry UTC time '5/10/2024 1:19:07 PM' is earlier than current UTC time '5/10/2024 1:19:15 PM'.""}}","Error"
"5/10/2024 3:19 PM","Table : SCOMAssessmentRecommendation archive updated successfully to 365","Information"
"5/10/2024 3:19 PM","Update-TablesRetention {""error"":{""code"":""ExpiredAuthenticationToken"",""message"":""The access token expiry UTC time '5/10/2024 1:19:07 PM' is earlier than current UTC time '5/10/2024 1:19:15 PM'.""}}","Error"
"5/10/2024 3:19 PM","Table : SCOMAssessmentRecommendation archive updated successfully to 365","Information"
"5/10/2024 3:19 PM","Update-TablesRetention {""error"":{""code"":""ExpiredAuthenticationToken"",""message"":""The access token expiry UTC time '5/10/2024 1:19:07 PM' is earlier than current UTC time '5/10/2024 1:19:15 PM'.""}}","Error"
"5/10/2024 3:19 PM","Table : SCOMAssessmentRecommendation archive updated successfully to 365","Information"
"5/10/2024 3:19 PM","Update-TablesRetention {""error"":{""code"":""ExpiredAuthenticationToken"",""message"":""The access token expiry UTC time '5/10/2024 1:19:07 PM' is earlier than current UTC time '5/10/2024 1:19:15 PM'.""}}","Error"
"5/10/2024 3:19 PM","Table : SCOMAssessmentRecommendation archive updated successfully to 365","Information"
"5/10/2024 3:19 PM","Update-TablesRetention {""error"":{""code"":""ExpiredAuthenticationToken"",""message"":""The access token expiry UTC time '5/10/2024 1:19:07 PM' is earlier than current UTC time '5/10/2024 1:19:15 PM'.""}}","Error"
"5/10/2024 3:19 PM","Table : SCOMAssessmentRecommendation archive updated successfully to 365","Information"
"5/10/2024 3:19 PM","Update-TablesRetention {""error"":{""code"":""ExpiredAuthenticationToken"",""message"":""The access token expiry UTC time '5/10/2024 1:19:07 PM' is earlier than current UTC time '5/10/2024 1:19:16 PM'.""}}","Error"
"5/10/2024 3:19 PM","Table : SCOMAssessmentRecommendation archive updated successfully to 365","Information"
"5/10/2024 3:19 PM","Update-TablesRetention {""error"":{""code"":""ExpiredAuthenticationToken"",""message"":""The access token expiry UTC time '5/10/2024 1:19:07 PM' is earlier than current UTC time '5/10/2024 1:19:16 PM'.""}}","Error"
"5/10/2024 3:19 PM","Table : SCOMAssessmentRecommendation archive updated successfully to 365","Information"
"5/10/2024 3:19 PM","Update-TablesRetention {""error"":{""code"":""ExpiredAuthenticationToken"",""message"":""The access token expiry UTC time '5/10/2024 1:19:07 PM' is earlier than current UTC time '5/10/2024 1:19:16 PM'.""}}","Error"
"5/10/2024 3:19 PM","Table : SCOMAssessmentRecommendation archive updated successfully to 365","Information"
"5/10/2024 3:19 PM","Update-TablesRetention {""error"":{""code"":""ExpiredAuthenticationToken"",""message"":""The access token expiry UTC time '5/10/2024 1:19:07 PM' is earlier than current UTC time '5/10/2024 1:19:16 PM'.""}}","Error"
"5/10/2024 3:19 PM","Table : SCOMAssessmentRecommendation archive updated successfully to 365","Information"
"5/10/2024 3:19 PM","Update-TablesRetention {""error"":{""code"":""ExpiredAuthenticationToken"",""message"":""The access token expiry UTC time '5/10/2024 1:19:07 PM' is earlier than current UTC time '5/10/2024 1:19:16 PM'.""}}","Error"
"5/10/2024 3:19 PM","Table : SCOMAssessmentRecommendation archive updated successfully to 365","Information"
"5/10/2024 3:19 PM","Update-TablesRetention {""error"":{""code"":""ExpiredAuthenticationToken"",""message"":""The access token expiry UTC time '5/10/2024 1:19:07 PM' is earlier than current UTC time '5/10/2024 1:19:16 PM'.""}}","Error"
"5/10/2024 3:19 PM","Table : SCOMAssessmentRecommendation archive updated successfully to 365","Information"
"5/10/2024 3:19 PM","Update-TablesRetention {""error"":{""code"":""ExpiredAuthenticationToken"",""message"":""The access token expiry UTC time '5/10/2024 1:19:07 PM' is earlier than current UTC time '5/10/2024 1:19:16 PM'.""}}","Error"
"5/10/2024 3:19 PM","Table : SCOMAssessmentRecommendation archive updated successfully to 365","Information"
"5/10/2024 3:19 PM","Update-TablesRetention {""error"":{""code"":""ExpiredAuthenticationToken"",""message"":""The access token expiry UTC time '5/10/2024 1:19:07 PM' is earlier than current UTC time '5/10/2024 1:19:17 PM'.""}}","Error"
"5/10/2024 3:19 PM","Table : SCOMAssessmentRecommendation archive updated successfully to 365","Information"
"5/10/2024 3:19 PM","Update-TablesRetention {""error"":{""code"":""ExpiredAuthenticationToken"",""message"":""The access token expiry UTC time '5/10/2024 1:19:07 PM' is earlier than current UTC time '5/10/2024 1:19:17 PM'.""}}","Error"
"5/10/2024 3:19 PM","Table : SCOMAssessmentRecommendation archive updated successfully to 365","Information"
"5/10/2024 3:19 PM","Update-TablesRetention {""error"":{""code"":""ExpiredAuthenticationToken"",""message"":""The access token expiry UTC time '5/10/2024 1:19:07 PM' is earlier than current UTC time '5/10/2024 1:19:17 PM'.""}}","Error"
"5/10/2024 3:19 PM","Table : SCOMAssessmentRecommendation archive updated successfully to 365","Information"
"5/10/2024 3:19 PM","Update-TablesRetention {""error"":{""code"":""ExpiredAuthenticationToken"",""message"":""The access token expiry UTC time '5/10/2024 1:19:07 PM' is earlier than current UTC time '5/10/2024 1:19:17 PM'.""}}","Error"
"5/10/2024 3:19 PM","Table : SCOMAssessmentRecommendation archive updated successfully to 365","Information"
"5/10/2024 3:19 PM","Update-TablesRetention {""error"":{""code"":""ExpiredAuthenticationToken"",""message"":""The access token expiry UTC time '5/10/2024 1:19:07 PM' is earlier than current UTC time '5/10/2024 1:19:17 PM'.""}}","Error"
"5/10/2024 3:19 PM","Table : SCOMAssessmentRecommendation archive updated successfully to 365","Information"
"5/10/2024 3:19 PM","Update-TablesRetention {""error"":{""code"":""ExpiredAuthenticationToken"",""message"":""The access token expiry UTC time '5/10/2024 1:19:07 PM' is earlier than current UTC time '5/10/2024 1:19:17 PM'.""}}","Error"
"5/10/2024 3:19 PM","Table : SCOMAssessmentRecommendation archive updated successfully to 365","Information"
"5/10/2024 3:19 PM","Update-TablesRetention {""error"":{""code"":""ExpiredAuthenticationToken"",""message"":""The access token expiry UTC time '5/10/2024 1:19:07 PM' is earlier than current UTC time '5/10/2024 1:19:17 PM'.""}}","Error"
"5/10/2024 3:19 PM","Table : SCOMAssessmentRecommendation archive updated successfully to 365","Information"
"5/10/2024 3:19 PM","Update-TablesRetention {""error"":{""code"":""ExpiredAuthenticationToken"",""message"":""The access token expiry UTC time '5/10/2024 1:19:07 PM' is earlier than current UTC time '5/10/2024 1:19:17 PM'.""}}","Error"
"5/10/2024 3:19 PM","Table : SCOMAssessmentRecommendation archive updated successfully to 365","Information"
"5/10/2024 3:19 PM","Update-TablesRetention {""error"":{""code"":""ExpiredAuthenticationToken"",""message"":""The access token expiry UTC time '5/10/2024 1:19:07 PM' is earlier than current UTC time '5/10/2024 1:19:18 PM'.""}}","Error"
"5/10/2024 3:19 PM","Table : SCOMAssessmentRecommendation archive updated successfully to 365","Information"
"5/10/2024 3:19 PM","Update-TablesRetention {""error"":{""code"":""ExpiredAuthenticationToken"",""message"":""The access token expiry UTC time '5/10/2024 1:19:07 PM' is earlier than current UTC time '5/10/2024 1:19:18 PM'.""}}","Error"
"5/10/2024 3:19 PM","Table : SCOMAssessmentRecommendation archive updated successfully to 365","Information"
"5/10/2024 3:19 PM","Update-TablesRetention {""error"":{""code"":""ExpiredAuthenticationToken"",""message"":""The access token expiry UTC time '5/10/2024 1:19:07 PM' is earlier than current UTC time '5/10/2024 1:19:18 PM'.""}}","Error"
"5/10/2024 3:19 PM","Table : SCOMAssessmentRecommendation archive updated successfully to 365","Information"
"5/10/2024 3:19 PM","Update-TablesRetention {""error"":{""code"":""ExpiredAuthenticationToken"",""message"":""The access token expiry UTC time '5/10/2024 1:19:07 PM' is earlier than current UTC time '5/10/2024 1:19:18 PM'.""}}","Error"
"5/10/2024 3:19 PM","Table : SCOMAssessmentRecommendation archive updated successfully to 365","Information"
"5/10/2024 3:19 PM","Update-TablesRetention {""error"":{""code"":""ExpiredAuthenticationToken"",""message"":""The access token expiry UTC time '5/10/2024 1:19:07 PM' is earlier than current UTC time '5/10/2024 1:19:18 PM'.""}}","Error"
"5/10/2024 3:19 PM","Table : SCOMAssessmentRecommendation archive updated successfully to 365","Information"
"5/10/2024 3:19 PM","Update-TablesRetention {""error"":{""code"":""ExpiredAuthenticationToken"",""message"":""The access token expiry UTC time '5/10/2024 1:19:07 PM' is earlier than current UTC time '5/10/2024 1:19:18 PM'.""}}","Error"
"5/10/2024 3:19 PM","Table : SCOMAssessmentRecommendation archive updated successfully to 365","Information"
"5/10/2024 3:19 PM","Update-TablesRetention {""error"":{""code"":""ExpiredAuthenticationToken"",""message"":""The access token expiry UTC time '5/10/2024 1:19:07 PM' is earlier than current UTC time '5/10/2024 1:19:18 PM'.""}}","Error"
"5/10/2024 3:19 PM","Table : SCOMAssessmentRecommendation archive updated successfully to 365","Information"
"5/10/2024 3:19 PM","Update-TablesRetention {""error"":{""code"":""ExpiredAuthenticationToken"",""message"":""The access token expiry UTC time '5/10/2024 1:19:07 PM' is earlier than current UTC time '5/10/2024 1:19:19 PM'.""}}","Error"
"5/10/2024 3:19 PM","Table : SCOMAssessmentRecommendation archive updated successfully to 365","Information"
"5/10/2024 3:19 PM","Update-TablesRetention {""error"":{""code"":""ExpiredAuthenticationToken"",""message"":""The access token expiry UTC time '5/10/2024 1:19:07 PM' is earlier than current UTC time '5/10/2024 1:19:19 PM'.""}}","Error"
"5/10/2024 3:19 PM","Table : SCOMAssessmentRecommendation archive updated successfully to 365","Information"
"5/10/2024 3:19 PM","Update-TablesRetention {""error"":{""code"":""ExpiredAuthenticationToken"",""message"":""The access token expiry UTC time '5/10/2024 1:19:07 PM' is earlier than current UTC time '5/10/2024 1:19:19 PM'.""}}","Error"
"5/10/2024 3:19 PM","Table : SCOMAssessmentRecommendation archive updated successfully to 365","Information"
"5/10/2024 3:19 PM","Update-TablesRetention {""error"":{""code"":""ExpiredAuthenticationToken"",""message"":""The access token expiry UTC time '5/10/2024 1:19:07 PM' is earlier than current UTC time '5/10/2024 1:19:19 PM'.""}}","Error"
"5/10/2024 3:19 PM","Table : SCOMAssessmentRecommendation archive updated successfully to 365","Information"
"5/10/2024 3:19 PM","Update-TablesRetention {""error"":{""code"":""ExpiredAuthenticationToken"",""message"":""The access token expiry UTC time '5/10/2024 1:19:07 PM' is earlier than current UTC time '5/10/2024 1:19:19 PM'.""}}","Error"
"5/10/2024 3:19 PM","Table : SCOMAssessmentRecommendation archive updated successfully to 365","Information"
"5/10/2024 3:19 PM","Update-TablesRetention {""error"":{""code"":""ExpiredAuthenticationToken"",""message"":""The access token expiry UTC time '5/10/2024 1:19:07 PM' is earlier than current UTC time '5/10/2024 1:19:19 PM'.""}}","Error"
"5/10/2024 3:19 PM","Table : SCOMAssessmentRecommendation archive updated successfully to 365","Information"
"5/10/2024 3:19 PM","Update-TablesRetention {""error"":{""code"":""ExpiredAuthenticationToken"",""message"":""The access token expiry UTC time '5/10/2024 1:19:07 PM' is earlier than current UTC time '5/10/2024 1:19:19 PM'.""}}","Error"
"5/10/2024 3:19 PM","Table : SCOMAssessmentRecommendation archive updated successfully to 365","Information"
"5/10/2024 3:19 PM","Update-TablesRetention {""error"":{""code"":""ExpiredAuthenticationToken"",""message"":""The access token expiry UTC time '5/10/2024 1:19:07 PM' is earlier than current UTC time '5/10/2024 1:19:19 PM'.""}}","Error"
"5/10/2024 3:19 PM","Table : SCOMAssessmentRecommendation archive updated successfully to 365","Information"
"5/10/2024 3:19 PM","Update-TablesRetention {""error"":{""code"":""ExpiredAuthenticationToken"",""message"":""The access token expiry UTC time '5/10/2024 1:19:07 PM' is earlier than current UTC time '5/10/2024 1:19:19 PM'.""}}","Error"
"5/10/2024 3:19 PM","Table : SCOMAssessmentRecommendation archive updated successfully to 365","Information"
"5/10/2024 3:19 PM","Update-TablesRetention {""error"":{""code"":""ExpiredAuthenticationToken"",""message"":""The access token expiry UTC time '5/10/2024 1:19:07 PM' is earlier than current UTC time '5/10/2024 1:19:20 PM'.""}}","Error"
"5/10/2024 3:19 PM","Table : SCOMAssessmentRecommendation archive updated successfully to 365","Information"
"5/10/2024 3:19 PM","Update-TablesRetention {""error"":{""code"":""ExpiredAuthenticationToken"",""message"":""The access token expiry UTC time '5/10/2024 1:19:07 PM' is earlier than current UTC time '5/10/2024 1:19:20 PM'.""}}","Error"
"5/10/2024 3:19 PM","Table : SCOMAssessmentRecommendation archive updated successfully to 365","Information"
"5/10/2024 3:19 PM","Update-TablesRetention {""error"":{""code"":""ExpiredAuthenticationToken"",""message"":""The access token expiry UTC time '5/10/2024 1:19:07 PM' is earlier than current UTC time '5/10/2024 1:19:20 PM'.""}}","Error"
"5/10/2024 3:19 PM","Table : SCOMAssessmentRecommendation archive updated successfully to 365","Information"
"5/10/2024 3:19 PM","Update-TablesRetention {""error"":{""code"":""ExpiredAuthenticationToken"",""message"":""The access token expiry UTC time '5/10/2024 1:19:07 PM' is earlier than current UTC time '5/10/2024 1:19:20 PM'.""}}","Error"
"5/10/2024 3:19 PM","Table : SCOMAssessmentRecommendation archive updated successfully to 365","Information"
"5/10/2024 3:19 PM","Update-TablesRetention {""error"":{""code"":""ExpiredAuthenticationToken"",""message"":""The access token expiry UTC time '5/10/2024 1:19:07 PM' is earlier than current UTC time '5/10/2024 1:19:20 PM'.""}}","Error"
"5/10/2024 3:19 PM","Table : SCOMAssessmentRecommendation archive updated successfully to 365","Information"
"5/10/2024 3:19 PM","Update-TablesRetention {""error"":{""code"":""ExpiredAuthenticationToken"",""message"":""The access token expiry UTC time '5/10/2024 1:19:07 PM' is earlier than current UTC time '5/10/2024 1:19:20 PM'.""}}","Error"
"5/10/2024 3:19 PM","Table : SCOMAssessmentRecommendation archive updated successfully to 365","Information"
"5/10/2024 3:19 PM","Update-TablesRetention {""error"":{""code"":""ExpiredAuthenticationToken"",""message"":""The access token expiry UTC time '5/10/2024 1:19:07 PM' is earlier than current UTC time '5/10/2024 1:19:20 PM'.""}}","Error"
"5/10/2024 3:19 PM","Table : SCOMAssessmentRecommendation archive updated successfully to 365","Information"
"5/10/2024 3:19 PM","Update-TablesRetention {""error"":{""code"":""ExpiredAuthenticationToken"",""message"":""The access token expiry UTC time '5/10/2024 1:19:07 PM' is earlier than current UTC time '5/10/2024 1:19:20 PM'.""}}","Error"
"5/10/2024 3:19 PM","Table : SCOMAssessmentRecommendation archive updated successfully to 365","Information"
"5/10/2024 3:19 PM","Update-TablesRetention {""error"":{""code"":""ExpiredAuthenticationToken"",""message"":""The access token expiry UTC time '5/10/2024 1:19:07 PM' is earlier than current UTC time '5/10/2024 1:19:21 PM'.""}}","Error"
"5/10/2024 3:19 PM","Table : SCOMAssessmentRecommendation archive updated successfully to 365","Information"
"5/10/2024 3:19 PM","Update-TablesRetention {""error"":{""code"":""ExpiredAuthenticationToken"",""message"":""The access token expiry UTC time '5/10/2024 1:19:07 PM' is earlier than current UTC time '5/10/2024 1:19:21 PM'.""}}","Error"
"5/10/2024 3:19 PM","Table : SCOMAssessmentRecommendation archive updated successfully to 365","Information"
"5/10/2024 3:19 PM","Update-TablesRetention {""error"":{""code"":""ExpiredAuthenticationToken"",""message"":""The access token expiry UTC time '5/10/2024 1:19:07 PM' is earlier than current UTC time '5/10/2024 1:19:21 PM'.""}}","Error"
"5/10/2024 3:19 PM","Table : SCOMAssessmentRecommendation archive updated successfully to 365","Information"
"5/10/2024 3:19 PM","Update-TablesRetention {""error"":{""code"":""ExpiredAuthenticationToken"",""message"":""The access token expiry UTC time '5/10/2024 1:19:07 PM' is earlier than current UTC time '5/10/2024 1:19:21 PM'.""}}","Error"
"5/10/2024 3:19 PM","Table : SCOMAssessmentRecommendation archive updated successfully to 365","Information"
"5/10/2024 3:19 PM","Update-TablesRetention {""error"":{""code"":""ExpiredAuthenticationToken"",""message"":""The access token expiry UTC time '5/10/2024 1:19:07 PM' is earlier than current UTC time '5/10/2024 1:19:21 PM'.""}}","Error"
"5/10/2024 3:19 PM","Table : SCOMAssessmentRecommendation archive updated successfully to 365","Information"
"5/10/2024 3:19 PM","Update-TablesRetention {""error"":{""code"":""ExpiredAuthenticationToken"",""message"":""The access token expiry UTC time '5/10/2024 1:19:07 PM' is earlier than current UTC time '5/10/2024 1:19:21 PM'.""}}","Error"
"5/10/2024 3:19 PM","Table : SCOMAssessmentRecommendation archive updated successfully to 365","Information"
"5/10/2024 3:19 PM","Update-TablesRetention {""error"":{""code"":""ExpiredAuthenticationToken"",""message"":""The access token expiry UTC time '5/10/2024 1:19:07 PM' is earlier than current UTC time '5/10/2024 1:19:22 PM'.""}}","Error"
"5/10/2024 3:19 PM","Table : SCOMAssessmentRecommendation archive updated successfully to 365","Information"
"5/10/2024 3:19 PM","Update-TablesRetention {""error"":{""code"":""ExpiredAuthenticationToken"",""message"":""The access token expiry UTC time '5/10/2024 1:19:07 PM' is earlier than current UTC time '5/10/2024 1:19:22 PM'.""}}","Error"
"5/10/2024 3:19 PM","Table : SCOMAssessmentRecommendation archive updated successfully to 365","Information"
"5/10/2024 3:19 PM","Update-TablesRetention {""error"":{""code"":""ExpiredAuthenticationToken"",""message"":""The access token expiry UTC time '5/10/2024 1:19:07 PM' is earlier than current UTC time '5/10/2024 1:19:22 PM'.""}}","Error"
"5/10/2024 3:19 PM","Table : SCOMAssessmentRecommendation archive updated successfully to 365","Information"
"5/10/2024 3:19 PM","Update-TablesRetention {""error"":{""code"":""ExpiredAuthenticationToken"",""message"":""The access token expiry UTC time '5/10/2024 1:19:07 PM' is earlier than current UTC time '5/10/2024 1:19:22 PM'.""}}","Error"
"5/10/2024 3:19 PM","Table : SCOMAssessmentRecommendation archive updated successfully to 365","Information"
"5/10/2024 3:19 PM","Update-TablesRetention {""error"":{""code"":""ExpiredAuthenticationToken"",""message"":""The access token expiry UTC time '5/10/2024 1:19:07 PM' is earlier than current UTC time '5/10/2024 1:19:22 PM'.""}}","Error"
"5/10/2024 3:19 PM","Table : SCOMAssessmentRecommendation archive updated successfully to 365","Information"
"5/10/2024 3:19 PM","Update-TablesRetention {""error"":{""code"":""ExpiredAuthenticationToken"",""message"":""The access token expiry UTC time '5/10/2024 1:19:07 PM' is earlier than current UTC time '5/10/2024 1:19:22 PM'.""}}","Error"
"5/10/2024 3:19 PM","Table : SCOMAssessmentRecommendation archive updated successfully to 365","Information"
"5/10/2024 3:19 PM","Update-TablesRetention {""error"":{""code"":""ExpiredAuthenticationToken"",""message"":""The access token expiry UTC time '5/10/2024 1:19:07 PM' is earlier than current UTC time '5/10/2024 1:19:22 PM'.""}}","Error"
"5/10/2024 3:19 PM","Table : SCOMAssessmentRecommendation archive updated successfully to 365","Information"
"5/10/2024 3:19 PM","Update-TablesRetention {""error"":{""code"":""ExpiredAuthenticationToken"",""message"":""The access token expiry UTC time '5/10/2024 1:19:07 PM' is earlier than current UTC time '5/10/2024 1:19:22 PM'.""}}","Error"
"5/10/2024 3:19 PM","Table : SCOMAssessmentRecommendation archive updated successfully to 365","Information"
"5/10/2024 3:19 PM","Update-TablesRetention {""error"":{""code"":""ExpiredAuthenticationToken"",""message"":""The access token expiry UTC time '5/10/2024 1:19:07 PM' is earlier than current UTC time '5/10/2024 1:19:23 PM'.""}}","Error"
"5/10/2024 3:19 PM","Table : SCOMAssessmentRecommendation archive updated successfully to 365","Information"
"5/10/2024 3:19 PM","Update-TablesRetention {""error"":{""code"":""ExpiredAuthenticationToken"",""message"":""The access token expiry UTC time '5/10/2024 1:19:07 PM' is earlier than current UTC time '5/10/2024 1:19:23 PM'.""}}","Error"
"5/10/2024 3:19 PM","Table : SCOMAssessmentRecommendation archive updated successfully to 365","Information"
"5/10/2024 3:19 PM","Update-TablesRetention {""error"":{""code"":""ExpiredAuthenticationToken"",""message"":""The access token expiry UTC time '5/10/2024 1:19:07 PM' is earlier than current UTC time '5/10/2024 1:19:23 PM'.""}}","Error"
"5/10/2024 3:19 PM","Table : SCOMAssessmentRecommendation archive updated successfully to 365","Information"
"5/10/2024 3:19 PM","Update-TablesRetention {""error"":{""code"":""ExpiredAuthenticationToken"",""message"":""The access token expiry UTC time '5/10/2024 1:19:07 PM' is earlier than current UTC time '5/10/2024 1:19:23 PM'.""}}","Error"
"5/10/2024 3:19 PM","Table : SCOMAssessmentRecommendation archive updated successfully to 365","Information"
"5/10/2024 3:19 PM","Update-TablesRetention {""error"":{""code"":""ExpiredAuthenticationToken"",""message"":""The access token expiry UTC time '5/10/2024 1:19:07 PM' is earlier than current UTC time '5/10/2024 1:19:23 PM'.""}}","Error"
"5/10/2024 3:19 PM","Table : SCOMAssessmentRecommendation archive updated successfully to 365","Information"
"5/10/2024 3:19 PM","Update-TablesRetention {""error"":{""code"":""ExpiredAuthenticationToken"",""message"":""The access token expiry UTC time '5/10/2024 1:19:07 PM' is earlier than current UTC time '5/10/2024 1:19:23 PM'.""}}","Error"
"5/10/2024 3:19 PM","Table : SCOMAssessmentRecommendation archive updated successfully to 365","Information"
"5/10/2024 3:19 PM","Update-TablesRetention {""error"":{""code"":""ExpiredAuthenticationToken"",""message"":""The access token expiry UTC time '5/10/2024 1:19:07 PM' is earlier than current UTC time '5/10/2024 1:19:23 PM'.""}}","Error"
"5/10/2024 3:19 PM","Table : SCOMAssessmentRecommendation archive updated successfully to 365","Information"
"5/10/2024 3:19 PM","Update-TablesRetention {""error"":{""code"":""ExpiredAuthenticationToken"",""message"":""The access token expiry UTC time '5/10/2024 1:19:07 PM' is earlier than current UTC time '5/10/2024 1:19:23 PM'.""}}","Error"
"5/10/2024 3:19 PM","Table : SCOMAssessmentRecommendation archive updated successfully to 365","Information"
"5/10/2024 3:19 PM","Update-TablesRetention {""error"":{""code"":""ExpiredAuthenticationToken"",""message"":""The access token expiry UTC time '5/10/2024 1:19:07 PM' is earlier than current UTC time '5/10/2024 1:19:24 PM'.""}}","Error"
"5/10/2024 3:19 PM","Table : SCOMAssessmentRecommendation archive updated successfully to 365","Information"
"5/10/2024 3:19 PM","Update-TablesRetention {""error"":{""code"":""ExpiredAuthenticationToken"",""message"":""The access token expiry UTC time '5/10/2024 1:19:07 PM' is earlier than current UTC time '5/10/2024 1:19:24 PM'.""}}","Error"
"5/10/2024 3:19 PM","Table : SCOMAssessmentRecommendation archive updated successfully to 365","Information"
"5/10/2024 3:19 PM","Update-TablesRetention {""error"":{""code"":""ExpiredAuthenticationToken"",""message"":""The access token expiry UTC time '5/10/2024 1:19:07 PM' is earlier than current UTC time '5/10/2024 1:19:24 PM'.""}}","Error"
"5/10/2024 3:19 PM","Table : SCOMAssessmentRecommendation archive updated successfully to 365","Information"
"5/10/2024 3:19 PM","Update-TablesRetention {""error"":{""code"":""ExpiredAuthenticationToken"",""message"":""The access token expiry UTC time '5/10/2024 1:19:07 PM' is earlier than current UTC time '5/10/2024 1:19:24 PM'.""}}","Error"
"5/10/2024 3:19 PM","Table : SCOMAssessmentRecommendation archive updated successfully to 365","Information"
"5/10/2024 3:19 PM","Update-TablesRetention {""error"":{""code"":""ExpiredAuthenticationToken"",""message"":""The access token expiry UTC time '5/10/2024 1:19:07 PM' is earlier than current UTC time '5/10/2024 1:19:24 PM'.""}}","Error"
"5/10/2024 3:19 PM","Table : SCOMAssessmentRecommendation archive updated successfully to 365","Information"
"5/10/2024 3:20 PM","Retrieving tables from LA-SAN-ThungelaSentinel","Information"
"5/10/2024 3:20 PM","Get-AllTables {""error"":{""code"":""ExpiredAuthenticationToken"",""message"":""The access token expiry UTC time '5/10/2024 1:19:07 PM' is earlier than current UTC time '5/10/2024 1:20:10 PM'.""}}","Error"
"5/10/2024 3:20 PM","Cannot bind argument to parameter 'QualifiedTables' because it is null.","Error"
