"SubscriptionID","SubscriptionName","WorkspaceName","ResourceGroup","Location","TableName","TableSizeGB","LastIngestionTime"
"6052118b-adbb-4504-a41a-e8e1121163fe","TLZADM-PROD-SUB-01","Monster-LA","rg-az-monitoring-uks","uksouth","Operation","0","No Data"
"6052118b-adbb-4504-a41a-e8e1121163fe","TLZADM-PROD-SUB-01","Monster-LA","rg-az-monitoring-uks","uksouth","W3CIISLog","0","No Data"
"6052118b-adbb-4504-a41a-e8e1121163fe","TLZADM-PROD-SUB-01","Monster-LA","rg-az-monitoring-uks","uksouth","Usage","0","No Data"
"6052118b-adbb-4504-a41a-e8e1121163fe","TLZADM-PROD-SUB-01","Monster-LA","rg-az-monitoring-uks","uksouth","ServiceFabricOperationalEvent","0","No Data"
"6052118b-adbb-4504-a41a-e8e1121163fe","TLZADM-PROD-SUB-01","Monster-LA","rg-az-monitoring-uks","uksouth","ETWEvent","0","No Data"
"6052118b-adbb-4504-a41a-e8e1121163fe","TLZADM-PROD-SUB-01","Monster-LA","rg-az-monitoring-uks","uksouth","ServiceFabricReliableServiceEvent","0","No Data"
"6052118b-adbb-4504-a41a-e8e1121163fe","TLZADM-PROD-SUB-01","Monster-LA","rg-az-monitoring-uks","uksouth","ServiceFabricReliableActorEvent","0","No Data"
"6052118b-adbb-4504-a41a-e8e1121163fe","TLZADM-PROD-SUB-01","Monster-LA","rg-az-monitoring-uks","uksouth","ComputerGroup","0","No Data"
"6052118b-adbb-4504-a41a-e8e1121163fe","TLZADM-PROD-SUB-01","Monster-LA","rg-az-monitoring-uks","uksouth","Perf","0","No Data"
"6052118b-adbb-4504-a41a-e8e1121163fe","TLZADM-PROD-SUB-01","Monster-LA","rg-az-monitoring-uks","uksouth","AppCenterError","0","No Data"
"6052118b-adbb-4504-a41a-e8e1121163fe","TLZADM-PROD-SUB-01","Monster-LA","rg-az-monitoring-uks","uksouth","IntuneAuditLogs","0","No Data"
"6052118b-adbb-4504-a41a-e8e1121163fe","TLZADM-PROD-SUB-01","Monster-LA","rg-az-monitoring-uks","uksouth","IntuneOperationalLogs","0","No Data"
"6052118b-adbb-4504-a41a-e8e1121163fe","TLZADM-PROD-SUB-01","Monster-LA","rg-az-monitoring-uks","uksouth","DatabricksTables","0","No Data"
"6052118b-adbb-4504-a41a-e8e1121163fe","TLZADM-PROD-SUB-01","Monster-LA","rg-az-monitoring-uks","uksouth","AADDomainServicesSystemSecurity","0","No Data"
"6052118b-adbb-4504-a41a-e8e1121163fe","TLZADM-PROD-SUB-01","Monster-LA","rg-az-monitoring-uks","uksouth","AmlComputeClusterNodeEvent","0","No Data"
"6052118b-adbb-4504-a41a-e8e1121163fe","TLZADM-PROD-SUB-01","Monster-LA","rg-az-monitoring-uks","uksouth","AppServiceEnvironmentPlatformLogs","0","No Data"
"6052118b-adbb-4504-a41a-e8e1121163fe","TLZADM-PROD-SUB-01","Monster-LA","rg-az-monitoring-uks","uksouth","ContainerRegistryLoginEvents","0","No Data"
"6052118b-adbb-4504-a41a-e8e1121163fe","TLZADM-PROD-SUB-01","Monster-LA","rg-az-monitoring-uks","uksouth","MicrosoftDynamicsTelemetrySystemMetricsLogs","0","No Data"
"6052118b-adbb-4504-a41a-e8e1121163fe","TLZADM-PROD-SUB-01","Monster-LA","rg-az-monitoring-uks","uksouth","MicrosoftDynamicsTelemetryPerformanceLogs","0","No Data"
"6052118b-adbb-4504-a41a-e8e1121163fe","TLZADM-PROD-SUB-01","Monster-LA","rg-az-monitoring-uks","uksouth","AppServiceAuditLogs","0","No Data"
"6052118b-adbb-4504-a41a-e8e1121163fe","TLZADM-PROD-SUB-01","Monster-LA","rg-az-monitoring-uks","uksouth","AmlComputeClusterEvent","0","No Data"
"6052118b-adbb-4504-a41a-e8e1121163fe","TLZADM-PROD-SUB-01","Monster-LA","rg-az-monitoring-uks","uksouth","AmlComputeJobEvent","0","No Data"
"6052118b-adbb-4504-a41a-e8e1121163fe","TLZADM-PROD-SUB-01","Monster-LA","rg-az-monitoring-uks","uksouth","MicrosoftHealthcareApisAuditLogs","0","No Data"
"6052118b-adbb-4504-a41a-e8e1121163fe","TLZADM-PROD-SUB-01","Monster-LA","rg-az-monitoring-uks","uksouth","AppServiceFileAuditLogs","0","No Data"
"6052118b-adbb-4504-a41a-e8e1121163fe","TLZADM-PROD-SUB-01","Monster-LA","rg-az-monitoring-uks","uksouth","ContainerRegistryRepositoryEvents","0","No Data"
"6052118b-adbb-4504-a41a-e8e1121163fe","TLZADM-PROD-SUB-01","Monster-LA","rg-az-monitoring-uks","uksouth","AppServiceConsoleLogs","0","No Data"
"6052118b-adbb-4504-a41a-e8e1121163fe","TLZADM-PROD-SUB-01","Monster-LA","rg-az-monitoring-uks","uksouth","AppServiceAppLogs","0","No Data"
"6052118b-adbb-4504-a41a-e8e1121163fe","TLZADM-PROD-SUB-01","Monster-LA","rg-az-monitoring-uks","uksouth","AppAvailabilityResults","0","No Data"
"6052118b-adbb-4504-a41a-e8e1121163fe","TLZADM-PROD-SUB-01","Monster-LA","rg-az-monitoring-uks","uksouth","AppBrowserTimings","0","No Data"
"6052118b-adbb-4504-a41a-e8e1121163fe","TLZADM-PROD-SUB-01","Monster-LA","rg-az-monitoring-uks","uksouth","AppDependencies","0","No Data"
"6052118b-adbb-4504-a41a-e8e1121163fe","TLZADM-PROD-SUB-01","Monster-LA","rg-az-monitoring-uks","uksouth","AppEvents","0","No Data"
"6052118b-adbb-4504-a41a-e8e1121163fe","TLZADM-PROD-SUB-01","Monster-LA","rg-az-monitoring-uks","uksouth","AppExceptions","0","No Data"
"6052118b-adbb-4504-a41a-e8e1121163fe","TLZADM-PROD-SUB-01","Monster-LA","rg-az-monitoring-uks","uksouth","AppMetrics","0","No Data"
"6052118b-adbb-4504-a41a-e8e1121163fe","TLZADM-PROD-SUB-01","Monster-LA","rg-az-monitoring-uks","uksouth","AppPageViews","0","No Data"
"6052118b-adbb-4504-a41a-e8e1121163fe","TLZADM-PROD-SUB-01","Monster-LA","rg-az-monitoring-uks","uksouth","AppPerformanceCounters","0","No Data"
"6052118b-adbb-4504-a41a-e8e1121163fe","TLZADM-PROD-SUB-01","Monster-LA","rg-az-monitoring-uks","uksouth","AppRequests","0","No Data"
"6052118b-adbb-4504-a41a-e8e1121163fe","TLZADM-PROD-SUB-01","Monster-LA","rg-az-monitoring-uks","uksouth","AppSystemEvents","0","No Data"
"6052118b-adbb-4504-a41a-e8e1121163fe","TLZADM-PROD-SUB-01","Monster-LA","rg-az-monitoring-uks","uksouth","AppTraces","0","No Data"
"6052118b-adbb-4504-a41a-e8e1121163fe","TLZADM-PROD-SUB-01","Monster-LA","rg-az-monitoring-uks","uksouth","WVDCheckpoints","0","No Data"
"6052118b-adbb-4504-a41a-e8e1121163fe","TLZADM-PROD-SUB-01","Monster-LA","rg-az-monitoring-uks","uksouth","PowerBIDatasetsTenantPreview","0","No Data"
"6052118b-adbb-4504-a41a-e8e1121163fe","TLZADM-PROD-SUB-01","Monster-LA","rg-az-monitoring-uks","uksouth","PowerBIDatasetsWorkspacePreview","0","No Data"
"6052118b-adbb-4504-a41a-e8e1121163fe","TLZADM-PROD-SUB-01","Monster-LA","rg-az-monitoring-uks","uksouth","NWConnectionMonitorDNSResult","0","No Data"
"6052118b-adbb-4504-a41a-e8e1121163fe","TLZADM-PROD-SUB-01","Monster-LA","rg-az-monitoring-uks","uksouth","NWConnectionMonitorDestinationListenerResult","0","No Data"
"6052118b-adbb-4504-a41a-e8e1121163fe","TLZADM-PROD-SUB-01","Monster-LA","rg-az-monitoring-uks","uksouth","AppServiceIPSecAuditLogs","0","No Data"
"6052118b-adbb-4504-a41a-e8e1121163fe","TLZADM-PROD-SUB-01","Monster-LA","rg-az-monitoring-uks","uksouth","AppServiceAntivirusScanAuditLogs","0","No Data"
"6052118b-adbb-4504-a41a-e8e1121163fe","TLZADM-PROD-SUB-01","Monster-LA","rg-az-monitoring-uks","uksouth","ADFSSISIntegrationRuntimeLogs","0","No Data"
"6052118b-adbb-4504-a41a-e8e1121163fe","TLZADM-PROD-SUB-01","Monster-LA","rg-az-monitoring-uks","uksouth","ADFSSISPackageEventMessages","0","No Data"
"6052118b-adbb-4504-a41a-e8e1121163fe","TLZADM-PROD-SUB-01","Monster-LA","rg-az-monitoring-uks","uksouth","ADFSSISPackageEventMessageContext","0","No Data"
"6052118b-adbb-4504-a41a-e8e1121163fe","TLZADM-PROD-SUB-01","Monster-LA","rg-az-monitoring-uks","uksouth","ADFSSISPackageExecutableStatistics","0","No Data"
"6052118b-adbb-4504-a41a-e8e1121163fe","TLZADM-PROD-SUB-01","Monster-LA","rg-az-monitoring-uks","uksouth","ADFSSISPackageExecutionComponentPhases","0","No Data"
"6052118b-adbb-4504-a41a-e8e1121163fe","TLZADM-PROD-SUB-01","Monster-LA","rg-az-monitoring-uks","uksouth","ADFSSISPackageExecutionDataStatistics","0","No Data"
"6052118b-adbb-4504-a41a-e8e1121163fe","TLZADM-PROD-SUB-01","Monster-LA","rg-az-monitoring-uks","uksouth","ABSBotRequests","0","No Data"
"6052118b-adbb-4504-a41a-e8e1121163fe","TLZADM-PROD-SUB-01","Monster-LA","rg-az-monitoring-uks","uksouth","ACSChatIncomingOperations","0","No Data"
"6052118b-adbb-4504-a41a-e8e1121163fe","TLZADM-PROD-SUB-01","Monster-LA","rg-az-monitoring-uks","uksouth","SynapseRBACEvents","0","No Data"
"6052118b-adbb-4504-a41a-e8e1121163fe","TLZADM-PROD-SUB-01","Monster-LA","rg-az-monitoring-uks","uksouth","SynapseGatewayEvents","0","No Data"
"6052118b-adbb-4504-a41a-e8e1121163fe","TLZADM-PROD-SUB-01","Monster-LA","rg-az-monitoring-uks","uksouth","SynapseIntegrationPipelineRunsEnded","0","No Data"
"6052118b-adbb-4504-a41a-e8e1121163fe","TLZADM-PROD-SUB-01","Monster-LA","rg-az-monitoring-uks","uksouth","SynapseIntegrationActivityRunsEnded","0","No Data"
"6052118b-adbb-4504-a41a-e8e1121163fe","TLZADM-PROD-SUB-01","Monster-LA","rg-az-monitoring-uks","uksouth","SynapseIntegrationTriggerRunsEnded","0","No Data"
"6052118b-adbb-4504-a41a-e8e1121163fe","TLZADM-PROD-SUB-01","Monster-LA","rg-az-monitoring-uks","uksouth","IntuneDevices","0","No Data"
"6052118b-adbb-4504-a41a-e8e1121163fe","TLZADM-PROD-SUB-01","Monster-LA","rg-az-monitoring-uks","uksouth","IntuneDeviceComplianceOrg","0","No Data"
"6052118b-adbb-4504-a41a-e8e1121163fe","TLZADM-PROD-SUB-01","Monster-LA","rg-az-monitoring-uks","uksouth","AEWAuditLogs","0","No Data"
"6052118b-adbb-4504-a41a-e8e1121163fe","TLZADM-PROD-SUB-01","Monster-LA","rg-az-monitoring-uks","uksouth","SynapseIntegrationTriggerRuns","0","No Data"
"6052118b-adbb-4504-a41a-e8e1121163fe","TLZADM-PROD-SUB-01","Monster-LA","rg-az-monitoring-uks","uksouth","WorkloadDiagnosticLogs","0","No Data"
"6052118b-adbb-4504-a41a-e8e1121163fe","TLZADM-PROD-SUB-01","Monster-LA","rg-az-monitoring-uks","uksouth","MicrosoftDataShareReceivedSnapshotLog","0","No Data"
"6052118b-adbb-4504-a41a-e8e1121163fe","TLZADM-PROD-SUB-01","Monster-LA","rg-az-monitoring-uks","uksouth","MicrosoftDataShareSentSnapshotLog","0","No Data"
"6052118b-adbb-4504-a41a-e8e1121163fe","TLZADM-PROD-SUB-01","Monster-LA","rg-az-monitoring-uks","uksouth","PurviewScanStatusLogs","0","No Data"
"6052118b-adbb-4504-a41a-e8e1121163fe","TLZADM-PROD-SUB-01","Monster-LA","rg-az-monitoring-uks","uksouth","HDInsightKafkaLogs","0","No Data"
"6052118b-adbb-4504-a41a-e8e1121163fe","TLZADM-PROD-SUB-01","Monster-LA","rg-az-monitoring-uks","uksouth","HDInsightKafkaMetrics","0","No Data"
"6052118b-adbb-4504-a41a-e8e1121163fe","TLZADM-PROD-SUB-01","Monster-LA","rg-az-monitoring-uks","uksouth","HDInsightHBaseLogs","0","No Data"
"6052118b-adbb-4504-a41a-e8e1121163fe","TLZADM-PROD-SUB-01","Monster-LA","rg-az-monitoring-uks","uksouth","HDInsightHBaseMetrics","0","No Data"
"6052118b-adbb-4504-a41a-e8e1121163fe","TLZADM-PROD-SUB-01","Monster-LA","rg-az-monitoring-uks","uksouth","HDInsightStormLogs","0","No Data"
"6052118b-adbb-4504-a41a-e8e1121163fe","TLZADM-PROD-SUB-01","Monster-LA","rg-az-monitoring-uks","uksouth","HDInsightStormMetrics","0","No Data"
"6052118b-adbb-4504-a41a-e8e1121163fe","TLZADM-PROD-SUB-01","Monster-LA","rg-az-monitoring-uks","uksouth","HDInsightStormTopologyMetrics","0","No Data"
"6052118b-adbb-4504-a41a-e8e1121163fe","TLZADM-PROD-SUB-01","Monster-LA","rg-az-monitoring-uks","uksouth","HDInsightAmbariSystemMetrics","0","No Data"
"6052118b-adbb-4504-a41a-e8e1121163fe","TLZADM-PROD-SUB-01","Monster-LA","rg-az-monitoring-uks","uksouth","HDInsightAmbariClusterAlerts","0","No Data"
"6052118b-adbb-4504-a41a-e8e1121163fe","TLZADM-PROD-SUB-01","Monster-LA","rg-az-monitoring-uks","uksouth","HDInsightSparkApplicationEvents","0","No Data"
"6052118b-adbb-4504-a41a-e8e1121163fe","TLZADM-PROD-SUB-01","Monster-LA","rg-az-monitoring-uks","uksouth","HDInsightSparkBlockManagerEvents","0","No Data"
"6052118b-adbb-4504-a41a-e8e1121163fe","TLZADM-PROD-SUB-01","Monster-LA","rg-az-monitoring-uks","uksouth","HDInsightSparkEnvironmentEvents","0","No Data"
"6052118b-adbb-4504-a41a-e8e1121163fe","TLZADM-PROD-SUB-01","Monster-LA","rg-az-monitoring-uks","uksouth","HDInsightJupyterNotebookEvents","0","No Data"
"6052118b-adbb-4504-a41a-e8e1121163fe","TLZADM-PROD-SUB-01","Monster-LA","rg-az-monitoring-uks","uksouth","HDInsightSparkExecutorEvents","0","No Data"
"6052118b-adbb-4504-a41a-e8e1121163fe","TLZADM-PROD-SUB-01","Monster-LA","rg-az-monitoring-uks","uksouth","HDInsightSparkExtraEvents","0","No Data"
"6052118b-adbb-4504-a41a-e8e1121163fe","TLZADM-PROD-SUB-01","Monster-LA","rg-az-monitoring-uks","uksouth","HDInsightSparkJobEvents","0","No Data"
"6052118b-adbb-4504-a41a-e8e1121163fe","TLZADM-PROD-SUB-01","Monster-LA","rg-az-monitoring-uks","uksouth","HDInsightSparkSQLExecutionEvents","0","No Data"
"6052118b-adbb-4504-a41a-e8e1121163fe","TLZADM-PROD-SUB-01","Monster-LA","rg-az-monitoring-uks","uksouth","HDInsightSparkStageEvents","0","No Data"
"6052118b-adbb-4504-a41a-e8e1121163fe","TLZADM-PROD-SUB-01","Monster-LA","rg-az-monitoring-uks","uksouth","HDInsightSparkStageTaskAccumulables","0","No Data"
"6052118b-adbb-4504-a41a-e8e1121163fe","TLZADM-PROD-SUB-01","Monster-LA","rg-az-monitoring-uks","uksouth","HDInsightSparkTaskEvents","0","No Data"
"6052118b-adbb-4504-a41a-e8e1121163fe","TLZADM-PROD-SUB-01","Monster-LA","rg-az-monitoring-uks","uksouth","HDInsightSparkLogs","0","No Data"
"6052118b-adbb-4504-a41a-e8e1121163fe","TLZADM-PROD-SUB-01","Monster-LA","rg-az-monitoring-uks","uksouth","HDInsightSecurityLogs","0","No Data"
"6052118b-adbb-4504-a41a-e8e1121163fe","TLZADM-PROD-SUB-01","Monster-LA","rg-az-monitoring-uks","uksouth","HDInsightRangerAuditLogs","0","No Data"
"6052118b-adbb-4504-a41a-e8e1121163fe","TLZADM-PROD-SUB-01","Monster-LA","rg-az-monitoring-uks","uksouth","HDInsightHiveAndLLAPLogs","0","No Data"
"6052118b-adbb-4504-a41a-e8e1121163fe","TLZADM-PROD-SUB-01","Monster-LA","rg-az-monitoring-uks","uksouth","HDInsightHiveAndLLAPMetrics","0","No Data"
"6052118b-adbb-4504-a41a-e8e1121163fe","TLZADM-PROD-SUB-01","Monster-LA","rg-az-monitoring-uks","uksouth","HDInsightHadoopAndYarnLogs","0","No Data"
"6052118b-adbb-4504-a41a-e8e1121163fe","TLZADM-PROD-SUB-01","Monster-LA","rg-az-monitoring-uks","uksouth","HDInsightHadoopAndYarnMetrics","0","No Data"
"6052118b-adbb-4504-a41a-e8e1121163fe","TLZADM-PROD-SUB-01","Monster-LA","rg-az-monitoring-uks","uksouth","HDInsightOozieLogs","0","No Data"
"6052118b-adbb-4504-a41a-e8e1121163fe","TLZADM-PROD-SUB-01","Monster-LA","rg-az-monitoring-uks","uksouth","HDInsightHiveQueryAppStats","0","No Data"
"6052118b-adbb-4504-a41a-e8e1121163fe","TLZADM-PROD-SUB-01","Monster-LA","rg-az-monitoring-uks","uksouth","HDInsightHiveTezAppStats","0","No Data"
"6052118b-adbb-4504-a41a-e8e1121163fe","TLZADM-PROD-SUB-01","Monster-LA","rg-az-monitoring-uks","uksouth","ADTDigitalTwinsOperation","0","No Data"
"6052118b-adbb-4504-a41a-e8e1121163fe","TLZADM-PROD-SUB-01","Monster-LA","rg-az-monitoring-uks","uksouth","ADTEventRoutesOperation","0","No Data"
"6052118b-adbb-4504-a41a-e8e1121163fe","TLZADM-PROD-SUB-01","Monster-LA","rg-az-monitoring-uks","uksouth","ADTModelsOperation","0","No Data"
"6052118b-adbb-4504-a41a-e8e1121163fe","TLZADM-PROD-SUB-01","Monster-LA","rg-az-monitoring-uks","uksouth","NWConnectionMonitorTestResult","0","No Data"
"6052118b-adbb-4504-a41a-e8e1121163fe","TLZADM-PROD-SUB-01","Monster-LA","rg-az-monitoring-uks","uksouth","NWConnectionMonitorPathResult","0","No Data"
"6052118b-adbb-4504-a41a-e8e1121163fe","TLZADM-PROD-SUB-01","Monster-LA","rg-az-monitoring-uks","uksouth","ACICollaborationAudit","0","No Data"
"6052118b-adbb-4504-a41a-e8e1121163fe","TLZADM-PROD-SUB-01","Monster-LA","rg-az-monitoring-uks","uksouth","SQLSecurityAuditEvents","0","No Data"
"6052118b-adbb-4504-a41a-e8e1121163fe","TLZADM-PROD-SUB-01","Monster-LA","rg-az-monitoring-uks","uksouth","AppPlatformLogsforSpring","0","No Data"
"6052118b-adbb-4504-a41a-e8e1121163fe","TLZADM-PROD-SUB-01","Monster-LA","rg-az-monitoring-uks","uksouth","MCCEventLogs","0","No Data"
"6052118b-adbb-4504-a41a-e8e1121163fe","TLZADM-PROD-SUB-01","Monster-LA","rg-az-monitoring-uks","uksouth","AmlComputeInstanceEvent","0","No Data"
"6052118b-adbb-4504-a41a-e8e1121163fe","TLZADM-PROD-SUB-01","Monster-LA","rg-az-monitoring-uks","uksouth","AmlDataLabelEvent","0","No Data"
"6052118b-adbb-4504-a41a-e8e1121163fe","TLZADM-PROD-SUB-01","Monster-LA","rg-az-monitoring-uks","uksouth","AmlDataSetEvent","0","No Data"
"6052118b-adbb-4504-a41a-e8e1121163fe","TLZADM-PROD-SUB-01","Monster-LA","rg-az-monitoring-uks","uksouth","AmlDataStoreEvent","0","No Data"
"6052118b-adbb-4504-a41a-e8e1121163fe","TLZADM-PROD-SUB-01","Monster-LA","rg-az-monitoring-uks","uksouth","AmlDeploymentEvent","0","No Data"
"6052118b-adbb-4504-a41a-e8e1121163fe","TLZADM-PROD-SUB-01","Monster-LA","rg-az-monitoring-uks","uksouth","AmlInferencingEvent","0","No Data"
"6052118b-adbb-4504-a41a-e8e1121163fe","TLZADM-PROD-SUB-01","Monster-LA","rg-az-monitoring-uks","uksouth","AmlModelsEvent","0","No Data"
"6052118b-adbb-4504-a41a-e8e1121163fe","TLZADM-PROD-SUB-01","Monster-LA","rg-az-monitoring-uks","uksouth","AmlPipelineEvent","0","No Data"
"6052118b-adbb-4504-a41a-e8e1121163fe","TLZADM-PROD-SUB-01","Monster-LA","rg-az-monitoring-uks","uksouth","AmlRunEvent","0","No Data"
"6052118b-adbb-4504-a41a-e8e1121163fe","TLZADM-PROD-SUB-01","Monster-LA","rg-az-monitoring-uks","uksouth","AADUserRiskEvents","0","No Data"
"6052118b-adbb-4504-a41a-e8e1121163fe","TLZADM-PROD-SUB-01","Monster-LA","rg-az-monitoring-uks","uksouth","AADRiskyUsers","0","No Data"
"6052118b-adbb-4504-a41a-e8e1121163fe","TLZADM-PROD-SUB-01","Monster-LA","rg-az-monitoring-uks","uksouth","AmlEnvironmentEvent","0","No Data"
"6052118b-adbb-4504-a41a-e8e1121163fe","TLZADM-PROD-SUB-01","Monster-LA","rg-az-monitoring-uks","uksouth","SynapseDXCommand","0","No Data"
"6052118b-adbb-4504-a41a-e8e1121163fe","TLZADM-PROD-SUB-01","Monster-LA","rg-az-monitoring-uks","uksouth","SynapseDXFailedIngestion","0","No Data"
"6052118b-adbb-4504-a41a-e8e1121163fe","TLZADM-PROD-SUB-01","Monster-LA","rg-az-monitoring-uks","uksouth","SynapseDXIngestionBatching","0","No Data"
"6052118b-adbb-4504-a41a-e8e1121163fe","TLZADM-PROD-SUB-01","Monster-LA","rg-az-monitoring-uks","uksouth","SynapseDXQuery","0","No Data"
"6052118b-adbb-4504-a41a-e8e1121163fe","TLZADM-PROD-SUB-01","Monster-LA","rg-az-monitoring-uks","uksouth","SynapseDXSucceededIngestion","0","No Data"
"6052118b-adbb-4504-a41a-e8e1121163fe","TLZADM-PROD-SUB-01","Monster-LA","rg-az-monitoring-uks","uksouth","SynapseDXTableDetails","0","No Data"
"6052118b-adbb-4504-a41a-e8e1121163fe","TLZADM-PROD-SUB-01","Monster-LA","rg-az-monitoring-uks","uksouth","SynapseDXTableUsageStatistics","0","No Data"
"6052118b-adbb-4504-a41a-e8e1121163fe","TLZADM-PROD-SUB-01","Monster-LA","rg-az-monitoring-uks","uksouth","WVDErrors","0","No Data"
"6052118b-adbb-4504-a41a-e8e1121163fe","TLZADM-PROD-SUB-01","Monster-LA","rg-az-monitoring-uks","uksouth","AppPlatformIngressLogs","0","No Data"
"6052118b-adbb-4504-a41a-e8e1121163fe","TLZADM-PROD-SUB-01","Monster-LA","rg-az-monitoring-uks","uksouth","PowerBIDatasetsTenant","0","No Data"
"6052118b-adbb-4504-a41a-e8e1121163fe","TLZADM-PROD-SUB-01","Monster-LA","rg-az-monitoring-uks","uksouth","PowerBIAuditTenant","0","No Data"
"6052118b-adbb-4504-a41a-e8e1121163fe","TLZADM-PROD-SUB-01","Monster-LA","rg-az-monitoring-uks","uksouth","PowerBIReportUsageTenant","0","No Data"
"6052118b-adbb-4504-a41a-e8e1121163fe","TLZADM-PROD-SUB-01","Monster-LA","rg-az-monitoring-uks","uksouth","DatabricksAccounts","0","No Data"
"6052118b-adbb-4504-a41a-e8e1121163fe","TLZADM-PROD-SUB-01","Monster-LA","rg-az-monitoring-uks","uksouth","DatabricksClusters","0","No Data"
"6052118b-adbb-4504-a41a-e8e1121163fe","TLZADM-PROD-SUB-01","Monster-LA","rg-az-monitoring-uks","uksouth","DatabricksDBFS","0","No Data"
"6052118b-adbb-4504-a41a-e8e1121163fe","TLZADM-PROD-SUB-01","Monster-LA","rg-az-monitoring-uks","uksouth","DatabricksInstancePools","0","No Data"
"6052118b-adbb-4504-a41a-e8e1121163fe","TLZADM-PROD-SUB-01","Monster-LA","rg-az-monitoring-uks","uksouth","DatabricksJobs","0","No Data"
"6052118b-adbb-4504-a41a-e8e1121163fe","TLZADM-PROD-SUB-01","Monster-LA","rg-az-monitoring-uks","uksouth","DatabricksNotebook","0","No Data"
"6052118b-adbb-4504-a41a-e8e1121163fe","TLZADM-PROD-SUB-01","Monster-LA","rg-az-monitoring-uks","uksouth","DatabricksSecrets","0","No Data"
"6052118b-adbb-4504-a41a-e8e1121163fe","TLZADM-PROD-SUB-01","Monster-LA","rg-az-monitoring-uks","uksouth","DatabricksSQLPermissions","0","No Data"
"6052118b-adbb-4504-a41a-e8e1121163fe","TLZADM-PROD-SUB-01","Monster-LA","rg-az-monitoring-uks","uksouth","DatabricksSSH","0","No Data"
"6052118b-adbb-4504-a41a-e8e1121163fe","TLZADM-PROD-SUB-01","Monster-LA","rg-az-monitoring-uks","uksouth","DatabricksWorkspace","0","No Data"
"6052118b-adbb-4504-a41a-e8e1121163fe","TLZADM-PROD-SUB-01","Monster-LA","rg-az-monitoring-uks","uksouth","AADProvisioningLogs","0","No Data"
"6052118b-adbb-4504-a41a-e8e1121163fe","TLZADM-PROD-SUB-01","Monster-LA","rg-az-monitoring-uks","uksouth","ADFActivityRun","0","No Data"
"6052118b-adbb-4504-a41a-e8e1121163fe","TLZADM-PROD-SUB-01","Monster-LA","rg-az-monitoring-uks","uksouth","ADFSandboxActivityRun","0","No Data"
"6052118b-adbb-4504-a41a-e8e1121163fe","TLZADM-PROD-SUB-01","Monster-LA","rg-az-monitoring-uks","uksouth","AppPlatformBuildLogs","0","No Data"
"6052118b-adbb-4504-a41a-e8e1121163fe","TLZADM-PROD-SUB-01","Monster-LA","rg-az-monitoring-uks","uksouth","WebPubSubConnectivity","0","No Data"
"6052118b-adbb-4504-a41a-e8e1121163fe","TLZADM-PROD-SUB-01","Monster-LA","rg-az-monitoring-uks","uksouth","WebPubSubHttpRequest","0","No Data"
"6052118b-adbb-4504-a41a-e8e1121163fe","TLZADM-PROD-SUB-01","Monster-LA","rg-az-monitoring-uks","uksouth","WebPubSubMessaging","0","No Data"
"6052118b-adbb-4504-a41a-e8e1121163fe","TLZADM-PROD-SUB-01","Monster-LA","rg-az-monitoring-uks","uksouth","DatabricksFeatureStore","0","No Data"
"6052118b-adbb-4504-a41a-e8e1121163fe","TLZADM-PROD-SUB-01","Monster-LA","rg-az-monitoring-uks","uksouth","DatabricksGenie","0","No Data"
"6052118b-adbb-4504-a41a-e8e1121163fe","TLZADM-PROD-SUB-01","Monster-LA","rg-az-monitoring-uks","uksouth","DatabricksGlobalInitScripts","0","No Data"
"6052118b-adbb-4504-a41a-e8e1121163fe","TLZADM-PROD-SUB-01","Monster-LA","rg-az-monitoring-uks","uksouth","DatabricksIAMRole","0","No Data"
"6052118b-adbb-4504-a41a-e8e1121163fe","TLZADM-PROD-SUB-01","Monster-LA","rg-az-monitoring-uks","uksouth","DatabricksMLflowAcledArtifact","0","No Data"
"6052118b-adbb-4504-a41a-e8e1121163fe","TLZADM-PROD-SUB-01","Monster-LA","rg-az-monitoring-uks","uksouth","DatabricksMLflowExperiment","0","No Data"
"6052118b-adbb-4504-a41a-e8e1121163fe","TLZADM-PROD-SUB-01","Monster-LA","rg-az-monitoring-uks","uksouth","DatabricksRemoteHistoryService","0","No Data"
"6052118b-adbb-4504-a41a-e8e1121163fe","TLZADM-PROD-SUB-01","Monster-LA","rg-az-monitoring-uks","uksouth","WVDAgentHealthStatus","0","No Data"
"6052118b-adbb-4504-a41a-e8e1121163fe","TLZADM-PROD-SUB-01","Monster-LA","rg-az-monitoring-uks","uksouth","DSMAzureBlobStorageLogs","0","No Data"
"6052118b-adbb-4504-a41a-e8e1121163fe","TLZADM-PROD-SUB-01","Monster-LA","rg-az-monitoring-uks","uksouth","Heartbeat","0","No Data"
"6052118b-adbb-4504-a41a-e8e1121163fe","TLZADM-PROD-SUB-01","Monster-LA","rg-az-monitoring-uks","uksouth","AirflowDagProcessingLogs","0","No Data"
"6052118b-adbb-4504-a41a-e8e1121163fe","TLZADM-PROD-SUB-01","Monster-LA","rg-az-monitoring-uks","uksouth","ADFAirflowSchedulerLogs","0","No Data"
"6052118b-adbb-4504-a41a-e8e1121163fe","TLZADM-PROD-SUB-01","Monster-LA","rg-az-monitoring-uks","uksouth","ADFAirflowTaskLogs","0","No Data"
"6052118b-adbb-4504-a41a-e8e1121163fe","TLZADM-PROD-SUB-01","Monster-LA","rg-az-monitoring-uks","uksouth","ADFAirflowWebLogs","0","No Data"
"6052118b-adbb-4504-a41a-e8e1121163fe","TLZADM-PROD-SUB-01","Monster-LA","rg-az-monitoring-uks","uksouth","ADFAirflowWorkerLogs","0","No Data"
"6052118b-adbb-4504-a41a-e8e1121163fe","TLZADM-PROD-SUB-01","Monster-LA","rg-az-monitoring-uks","uksouth","AppServiceHTTPLogs","0","No Data"
"6052118b-adbb-4504-a41a-e8e1121163fe","TLZADM-PROD-SUB-01","Monster-LA","rg-az-monitoring-uks","uksouth","WVDConnectionNetworkData","0","No Data"
"6052118b-adbb-4504-a41a-e8e1121163fe","TLZADM-PROD-SUB-01","Monster-LA","rg-az-monitoring-uks","uksouth","AegDeliveryFailureLogs","0","No Data"
"6052118b-adbb-4504-a41a-e8e1121163fe","TLZADM-PROD-SUB-01","Monster-LA","rg-az-monitoring-uks","uksouth","AegPublishFailureLogs","0","No Data"
"6052118b-adbb-4504-a41a-e8e1121163fe","TLZADM-PROD-SUB-01","Monster-LA","rg-az-monitoring-uks","uksouth","AppPlatformSystemLogs","0","No Data"
"6052118b-adbb-4504-a41a-e8e1121163fe","TLZADM-PROD-SUB-01","Monster-LA","rg-az-monitoring-uks","uksouth","DatabricksDatabricksSQL","0","No Data"
"6052118b-adbb-4504-a41a-e8e1121163fe","TLZADM-PROD-SUB-01","Monster-LA","rg-az-monitoring-uks","uksouth","DatabricksDeltaPipelines","0","No Data"
"6052118b-adbb-4504-a41a-e8e1121163fe","TLZADM-PROD-SUB-01","Monster-LA","rg-az-monitoring-uks","uksouth","DatabricksModelRegistry","0","No Data"
"6052118b-adbb-4504-a41a-e8e1121163fe","TLZADM-PROD-SUB-01","Monster-LA","rg-az-monitoring-uks","uksouth","DatabricksRepos","0","No Data"
"6052118b-adbb-4504-a41a-e8e1121163fe","TLZADM-PROD-SUB-01","Monster-LA","rg-az-monitoring-uks","uksouth","DatabricksUnityCatalog","0","No Data"
"6052118b-adbb-4504-a41a-e8e1121163fe","TLZADM-PROD-SUB-01","Monster-LA","rg-az-monitoring-uks","uksouth","AuditLogs","0","No Data"
"6052118b-adbb-4504-a41a-e8e1121163fe","TLZADM-PROD-SUB-01","Monster-LA","rg-az-monitoring-uks","uksouth","AppPlatformContainerEventLogs","0","No Data"
"6052118b-adbb-4504-a41a-e8e1121163fe","TLZADM-PROD-SUB-01","Monster-LA","rg-az-monitoring-uks","uksouth","AppServicePlatformLogs","0","No Data"
"6052118b-adbb-4504-a41a-e8e1121163fe","TLZADM-PROD-SUB-01","Monster-LA","rg-az-monitoring-uks","uksouth","Event","0","No Data"
"6052118b-adbb-4504-a41a-e8e1121163fe","TLZADM-PROD-SUB-01","Monster-LA","rg-az-monitoring-uks","uksouth","OLPSupplyChainEvents","0","No Data"
"6052118b-adbb-4504-a41a-e8e1121163fe","TLZADM-PROD-SUB-01","Monster-LA","rg-az-monitoring-uks","uksouth","AutoscaleEvaluationsLog","0","No Data"
"6052118b-adbb-4504-a41a-e8e1121163fe","TLZADM-PROD-SUB-01","Monster-LA","rg-az-monitoring-uks","uksouth","AutoscaleScaleActionsLog","0","No Data"
"6052118b-adbb-4504-a41a-e8e1121163fe","TLZADM-PROD-SUB-01","Monster-LA","rg-az-monitoring-uks","uksouth","ADTQueryOperation","0","No Data"
"6052118b-adbb-4504-a41a-e8e1121163fe","TLZADM-PROD-SUB-01","Monster-LA","rg-az-monitoring-uks","uksouth","ACSAuthIncomingOperations","0","No Data"
"6052118b-adbb-4504-a41a-e8e1121163fe","TLZADM-PROD-SUB-01","Monster-LA","rg-az-monitoring-uks","uksouth","ACSEmailUserEngagementOperational","0","No Data"
"6052118b-adbb-4504-a41a-e8e1121163fe","TLZADM-PROD-SUB-01","Monster-LA","rg-az-monitoring-uks","uksouth","PowerBIReportUsageWorkspace","0","No Data"
"6052118b-adbb-4504-a41a-e8e1121163fe","TLZADM-PROD-SUB-01","Monster-LA","rg-az-monitoring-uks","uksouth","ADTDataHistoryOperation","0","No Data"
"6052118b-adbb-4504-a41a-e8e1121163fe","TLZADM-PROD-SUB-01","Monster-LA","rg-az-monitoring-uks","uksouth","ADFPipelineRun","0","No Data"
"6052118b-adbb-4504-a41a-e8e1121163fe","TLZADM-PROD-SUB-01","Monster-LA","rg-az-monitoring-uks","uksouth","ADFSandboxPipelineRun","0","No Data"
"6052118b-adbb-4504-a41a-e8e1121163fe","TLZADM-PROD-SUB-01","Monster-LA","rg-az-monitoring-uks","uksouth","ADFTriggerRun","0","No Data"
"6052118b-adbb-4504-a41a-e8e1121163fe","TLZADM-PROD-SUB-01","Monster-LA","rg-az-monitoring-uks","uksouth","AmlOnlineEndpointEventLog","0","No Data"
"6052118b-adbb-4504-a41a-e8e1121163fe","TLZADM-PROD-SUB-01","Monster-LA","rg-az-monitoring-uks","uksouth","InsightsMetrics","0","No Data"
"6052118b-adbb-4504-a41a-e8e1121163fe","TLZADM-PROD-SUB-01","Monster-LA","rg-az-monitoring-uks","uksouth","PurviewDataSensitivityLogs","0","No Data"
"6052118b-adbb-4504-a41a-e8e1121163fe","TLZADM-PROD-SUB-01","Monster-LA","rg-az-monitoring-uks","uksouth","DatabricksGitCredentials","0","No Data"
"6052118b-adbb-4504-a41a-e8e1121163fe","TLZADM-PROD-SUB-01","Monster-LA","rg-az-monitoring-uks","uksouth","DatabricksWebTerminal","0","No Data"
"6052118b-adbb-4504-a41a-e8e1121163fe","TLZADM-PROD-SUB-01","Monster-LA","rg-az-monitoring-uks","uksouth","SignalRServiceDiagnosticLogs","0","No Data"
"6052118b-adbb-4504-a41a-e8e1121163fe","TLZADM-PROD-SUB-01","Monster-LA","rg-az-monitoring-uks","uksouth","ANFFileAccess","0","No Data"
"6052118b-adbb-4504-a41a-e8e1121163fe","TLZADM-PROD-SUB-01","Monster-LA","rg-az-monitoring-uks","uksouth","PFTitleAuditLogs","0","No Data"
"6052118b-adbb-4504-a41a-e8e1121163fe","TLZADM-PROD-SUB-01","Monster-LA","rg-az-monitoring-uks","uksouth","VIAudit","0","No Data"
"6052118b-adbb-4504-a41a-e8e1121163fe","TLZADM-PROD-SUB-01","Monster-LA","rg-az-monitoring-uks","uksouth","VIIndexing","0","No Data"
"6052118b-adbb-4504-a41a-e8e1121163fe","TLZADM-PROD-SUB-01","Monster-LA","rg-az-monitoring-uks","uksouth","WVDConnectionGraphicsDataPreview","0","No Data"
"6052118b-adbb-4504-a41a-e8e1121163fe","TLZADM-PROD-SUB-01","Monster-LA","rg-az-monitoring-uks","uksouth","SynapseLinkEvent","0","No Data"
"6052118b-adbb-4504-a41a-e8e1121163fe","TLZADM-PROD-SUB-01","Monster-LA","rg-az-monitoring-uks","uksouth","SynapseScopePoolScopeJobsEnded","0","No Data"
"6052118b-adbb-4504-a41a-e8e1121163fe","TLZADM-PROD-SUB-01","Monster-LA","rg-az-monitoring-uks","uksouth","SynapseScopePoolScopeJobsStateChange","0","No Data"
"6052118b-adbb-4504-a41a-e8e1121163fe","TLZADM-PROD-SUB-01","Monster-LA","rg-az-monitoring-uks","uksouth","AzureAttestationDiagnostics","0","No Data"
"6052118b-adbb-4504-a41a-e8e1121163fe","TLZADM-PROD-SUB-01","Monster-LA","rg-az-monitoring-uks","uksouth","MCVPOperationLogs","0","No Data"
"6052118b-adbb-4504-a41a-e8e1121163fe","TLZADM-PROD-SUB-01","Monster-LA","rg-az-monitoring-uks","uksouth","MCVPAuditLogs","0","No Data"
"6052118b-adbb-4504-a41a-e8e1121163fe","TLZADM-PROD-SUB-01","Monster-LA","rg-az-monitoring-uks","uksouth","SynapseGatewayApiRequests","0","No Data"
"6052118b-adbb-4504-a41a-e8e1121163fe","TLZADM-PROD-SUB-01","Monster-LA","rg-az-monitoring-uks","uksouth","SynapseIntegrationPipelineRuns","0","No Data"
"6052118b-adbb-4504-a41a-e8e1121163fe","TLZADM-PROD-SUB-01","Monster-LA","rg-az-monitoring-uks","uksouth","SynapseIntegrationActivityRuns","0","No Data"
"6052118b-adbb-4504-a41a-e8e1121163fe","TLZADM-PROD-SUB-01","Monster-LA","rg-az-monitoring-uks","uksouth","SynapseBigDataPoolApplicationsEnded","0","No Data"
"6052118b-adbb-4504-a41a-e8e1121163fe","TLZADM-PROD-SUB-01","Monster-LA","rg-az-monitoring-uks","uksouth","SynapseBuiltinSqlPoolRequestsEnded","0","No Data"
"6052118b-adbb-4504-a41a-e8e1121163fe","TLZADM-PROD-SUB-01","Monster-LA","rg-az-monitoring-uks","uksouth","ACSCallRecordingSummary","0","No Data"
"6052118b-adbb-4504-a41a-e8e1121163fe","TLZADM-PROD-SUB-01","Monster-LA","rg-az-monitoring-uks","uksouth","UCDOStatus","0","No Data"
"6052118b-adbb-4504-a41a-e8e1121163fe","TLZADM-PROD-SUB-01","Monster-LA","rg-az-monitoring-uks","uksouth","UCDOAggregatedStatus","0","No Data"
"6052118b-adbb-4504-a41a-e8e1121163fe","TLZADM-PROD-SUB-01","Monster-LA","rg-az-monitoring-uks","uksouth","UCClientReadinessStatus","0","No Data"
"6052118b-adbb-4504-a41a-e8e1121163fe","TLZADM-PROD-SUB-01","Monster-LA","rg-az-monitoring-uks","uksouth","UCDeviceAlert","0","No Data"
"6052118b-adbb-4504-a41a-e8e1121163fe","TLZADM-PROD-SUB-01","Monster-LA","rg-az-monitoring-uks","uksouth","UCServiceUpdateStatus","0","No Data"
"6052118b-adbb-4504-a41a-e8e1121163fe","TLZADM-PROD-SUB-01","Monster-LA","rg-az-monitoring-uks","uksouth","UCUpdateAlert","0","No Data"
"6052118b-adbb-4504-a41a-e8e1121163fe","TLZADM-PROD-SUB-01","Monster-LA","rg-az-monitoring-uks","uksouth","AgriFoodFarmManagementLogs","0","No Data"
"6052118b-adbb-4504-a41a-e8e1121163fe","TLZADM-PROD-SUB-01","Monster-LA","rg-az-monitoring-uks","uksouth","AgriFoodWeatherLogs","0","No Data"
"6052118b-adbb-4504-a41a-e8e1121163fe","TLZADM-PROD-SUB-01","Monster-LA","rg-az-monitoring-uks","uksouth","AgriFoodSatelliteLogs","0","No Data"
"6052118b-adbb-4504-a41a-e8e1121163fe","TLZADM-PROD-SUB-01","Monster-LA","rg-az-monitoring-uks","uksouth","AgriFoodFarmOperationLogs","0","No Data"
"6052118b-adbb-4504-a41a-e8e1121163fe","TLZADM-PROD-SUB-01","Monster-LA","rg-az-monitoring-uks","uksouth","AgriFoodProviderAuthLogs","0","No Data"
"6052118b-adbb-4504-a41a-e8e1121163fe","TLZADM-PROD-SUB-01","Monster-LA","rg-az-monitoring-uks","uksouth","AgriFoodApplicationAuditLogs","0","No Data"
"6052118b-adbb-4504-a41a-e8e1121163fe","TLZADM-PROD-SUB-01","Monster-LA","rg-az-monitoring-uks","uksouth","AgriFoodModelInferenceLogs","0","No Data"
"6052118b-adbb-4504-a41a-e8e1121163fe","TLZADM-PROD-SUB-01","Monster-LA","rg-az-monitoring-uks","uksouth","AgriFoodInsightLogs","0","No Data"
"6052118b-adbb-4504-a41a-e8e1121163fe","TLZADM-PROD-SUB-01","Monster-LA","rg-az-monitoring-uks","uksouth","AgriFoodJobProcessedLogs","0","No Data"
"6052118b-adbb-4504-a41a-e8e1121163fe","TLZADM-PROD-SUB-01","Monster-LA","rg-az-monitoring-uks","uksouth","AgriFoodSensorManagementLogs","0","No Data"
"6052118b-adbb-4504-a41a-e8e1121163fe","TLZADM-PROD-SUB-01","Monster-LA","rg-az-monitoring-uks","uksouth","DSMDataClassificationLogs","0","No Data"
"6052118b-adbb-4504-a41a-e8e1121163fe","TLZADM-PROD-SUB-01","Monster-LA","rg-az-monitoring-uks","uksouth","DSMDataLabelingLogs","0","No Data"
"6052118b-adbb-4504-a41a-e8e1121163fe","TLZADM-PROD-SUB-01","Monster-LA","rg-az-monitoring-uks","uksouth","ResourceManagementPublicAccessLogs","0","No Data"
"6052118b-adbb-4504-a41a-e8e1121163fe","TLZADM-PROD-SUB-01","Monster-LA","rg-az-monitoring-uks","uksouth","AegDataPlaneRequests","0","No Data"
"6052118b-adbb-4504-a41a-e8e1121163fe","TLZADM-PROD-SUB-01","Monster-LA","rg-az-monitoring-uks","uksouth","AGSGrafanaLoginEvents","0","No Data"
"6052118b-adbb-4504-a41a-e8e1121163fe","TLZADM-PROD-SUB-01","Monster-LA","rg-az-monitoring-uks","uksouth","AzureLoadTestingOperation","0","No Data"
"6052118b-adbb-4504-a41a-e8e1121163fe","TLZADM-PROD-SUB-01","Monster-LA","rg-az-monitoring-uks","uksouth","CassandraAudit","0","No Data"
"6052118b-adbb-4504-a41a-e8e1121163fe","TLZADM-PROD-SUB-01","Monster-LA","rg-az-monitoring-uks","uksouth","ATCExpressRouteCircuitIpfix","0","No Data"
"6052118b-adbb-4504-a41a-e8e1121163fe","TLZADM-PROD-SUB-01","Monster-LA","rg-az-monitoring-uks","uksouth","AEWComputePipelinesLogs","0","No Data"
"6052118b-adbb-4504-a41a-e8e1121163fe","TLZADM-PROD-SUB-01","Monster-LA","rg-az-monitoring-uks","uksouth","HDInsightGatewayAuditLogs","0","No Data"
"6052118b-adbb-4504-a41a-e8e1121163fe","TLZADM-PROD-SUB-01","Monster-LA","rg-az-monitoring-uks","uksouth","AADB2CRequestLogs","0","No Data"
"6052118b-adbb-4504-a41a-e8e1121163fe","TLZADM-PROD-SUB-01","Monster-LA","rg-az-monitoring-uks","uksouth","AMSKeyDeliveryRequests","0","No Data"
"6052118b-adbb-4504-a41a-e8e1121163fe","TLZADM-PROD-SUB-01","Monster-LA","rg-az-monitoring-uks","uksouth","AMSMediaAccountHealth","0","No Data"
"6052118b-adbb-4504-a41a-e8e1121163fe","TLZADM-PROD-SUB-01","Monster-LA","rg-az-monitoring-uks","uksouth","OEPElasticOperator","0","No Data"
"6052118b-adbb-4504-a41a-e8e1121163fe","TLZADM-PROD-SUB-01","Monster-LA","rg-az-monitoring-uks","uksouth","OEPElasticsearch","0","No Data"
"6052118b-adbb-4504-a41a-e8e1121163fe","TLZADM-PROD-SUB-01","Monster-LA","rg-az-monitoring-uks","uksouth","OLPSupplyChainEntityOperations","0","No Data"
"6052118b-adbb-4504-a41a-e8e1121163fe","TLZADM-PROD-SUB-01","Monster-LA","rg-az-monitoring-uks","uksouth","AppServiceServerlessSecurityPluginData","0","No Data"
"6052118b-adbb-4504-a41a-e8e1121163fe","TLZADM-PROD-SUB-01","Monster-LA","rg-az-monitoring-uks","uksouth","StorageCacheOperationEvents","0","No Data"
"6052118b-adbb-4504-a41a-e8e1121163fe","TLZADM-PROD-SUB-01","Monster-LA","rg-az-monitoring-uks","uksouth","StorageCacheUpgradeEvents","0","No Data"
"6052118b-adbb-4504-a41a-e8e1121163fe","TLZADM-PROD-SUB-01","Monster-LA","rg-az-monitoring-uks","uksouth","StorageCacheWarningEvents","0","No Data"
"6052118b-adbb-4504-a41a-e8e1121163fe","TLZADM-PROD-SUB-01","Monster-LA","rg-az-monitoring-uks","uksouth","FunctionAppLogs","0","No Data"
"6052118b-adbb-4504-a41a-e8e1121163fe","TLZADM-PROD-SUB-01","Monster-LA","rg-az-monitoring-uks","uksouth","HDInsightKafkaServerLog","0","No Data"
"6052118b-adbb-4504-a41a-e8e1121163fe","TLZADM-PROD-SUB-01","Monster-LA","rg-az-monitoring-uks","uksouth","TSIIngress","0","No Data"
"6052118b-adbb-4504-a41a-e8e1121163fe","TLZADM-PROD-SUB-01","Monster-LA","rg-az-monitoring-uks","uksouth","StorageAntimalwareScanResults","0","No Data"
"6052118b-adbb-4504-a41a-e8e1121163fe","TLZADM-PROD-SUB-01","Monster-LA","rg-az-monitoring-uks","uksouth","CCFApplicationLogs","0","No Data"
"6052118b-adbb-4504-a41a-e8e1121163fe","TLZADM-PROD-SUB-01","Monster-LA","rg-az-monitoring-uks","uksouth","DatabricksClamAVScan","0","No Data"
"6052118b-adbb-4504-a41a-e8e1121163fe","TLZADM-PROD-SUB-01","Monster-LA","rg-az-monitoring-uks","uksouth","DatabricksPartnerHub","0","No Data"
"6052118b-adbb-4504-a41a-e8e1121163fe","TLZADM-PROD-SUB-01","Monster-LA","rg-az-monitoring-uks","uksouth","AVSSyslog","0","No Data"
"6052118b-adbb-4504-a41a-e8e1121163fe","TLZADM-PROD-SUB-01","Monster-LA","rg-az-monitoring-uks","uksouth","DevCenterDiagnosticLogs","0","No Data"
"6052118b-adbb-4504-a41a-e8e1121163fe","TLZADM-PROD-SUB-01","Monster-LA","rg-az-monitoring-uks","uksouth","AMSLiveEventOperations","0","No Data"
"6052118b-adbb-4504-a41a-e8e1121163fe","TLZADM-PROD-SUB-01","Monster-LA","rg-az-monitoring-uks","uksouth","AMSStreamingEndpointRequests","0","No Data"
"6052118b-adbb-4504-a41a-e8e1121163fe","TLZADM-PROD-SUB-01","Monster-LA","rg-az-monitoring-uks","uksouth","WVDHostRegistrations","0","No Data"
"6052118b-adbb-4504-a41a-e8e1121163fe","TLZADM-PROD-SUB-01","Monster-LA","rg-az-monitoring-uks","uksouth","AHDSMedTechDiagnosticLogs","0","No Data"
"6052118b-adbb-4504-a41a-e8e1121163fe","TLZADM-PROD-SUB-01","Monster-LA","rg-az-monitoring-uks","uksouth","AZFWFlowTrace","0","No Data"
"6052118b-adbb-4504-a41a-e8e1121163fe","TLZADM-PROD-SUB-01","Monster-LA","rg-az-monitoring-uks","uksouth","LogicAppWorkflowRuntime","0","No Data"
"6052118b-adbb-4504-a41a-e8e1121163fe","TLZADM-PROD-SUB-01","Monster-LA","rg-az-monitoring-uks","uksouth","ASCDeviceEvents","0","No Data"
"6052118b-adbb-4504-a41a-e8e1121163fe","TLZADM-PROD-SUB-01","Monster-LA","rg-az-monitoring-uks","uksouth","AzureDevOpsAuditing","0","No Data"
"6052118b-adbb-4504-a41a-e8e1121163fe","TLZADM-PROD-SUB-01","Monster-LA","rg-az-monitoring-uks","uksouth","AVNMNetworkGroupMembershipChange","0","No Data"
"6052118b-adbb-4504-a41a-e8e1121163fe","TLZADM-PROD-SUB-01","Monster-LA","rg-az-monitoring-uks","uksouth","AACHttpRequest","0","No Data"
"6052118b-adbb-4504-a41a-e8e1121163fe","TLZADM-PROD-SUB-01","Monster-LA","rg-az-monitoring-uks","uksouth","StorageMoverJobRunLogs","0","No Data"
"6052118b-adbb-4504-a41a-e8e1121163fe","TLZADM-PROD-SUB-01","Monster-LA","rg-az-monitoring-uks","uksouth","MicrosoftAzureBastionAuditLogs","0","No Data"
"6052118b-adbb-4504-a41a-e8e1121163fe","TLZADM-PROD-SUB-01","Monster-LA","rg-az-monitoring-uks","uksouth","StorageMoverCopyLogsFailed","0","No Data"
"6052118b-adbb-4504-a41a-e8e1121163fe","TLZADM-PROD-SUB-01","Monster-LA","rg-az-monitoring-uks","uksouth","StorageMoverCopyLogsTransferred","0","No Data"
"6052118b-adbb-4504-a41a-e8e1121163fe","TLZADM-PROD-SUB-01","Monster-LA","rg-az-monitoring-uks","uksouth","ASCAuditLogs","0","No Data"
"6052118b-adbb-4504-a41a-e8e1121163fe","TLZADM-PROD-SUB-01","Monster-LA","rg-az-monitoring-uks","uksouth","AmlOnlineEndpointConsoleLog","0","No Data"
"6052118b-adbb-4504-a41a-e8e1121163fe","TLZADM-PROD-SUB-01","Monster-LA","rg-az-monitoring-uks","uksouth","AmlOnlineEndpointTrafficLog","0","No Data"
"6052118b-adbb-4504-a41a-e8e1121163fe","TLZADM-PROD-SUB-01","Monster-LA","rg-az-monitoring-uks","uksouth","ACSSMSIncomingOperations","0","No Data"
"6052118b-adbb-4504-a41a-e8e1121163fe","TLZADM-PROD-SUB-01","Monster-LA","rg-az-monitoring-uks","uksouth","REDConnectionEvents","0","No Data"
"6052118b-adbb-4504-a41a-e8e1121163fe","TLZADM-PROD-SUB-01","Monster-LA","rg-az-monitoring-uks","uksouth","AmlRegistryReadEventsLog","0","No Data"
"6052118b-adbb-4504-a41a-e8e1121163fe","TLZADM-PROD-SUB-01","Monster-LA","rg-az-monitoring-uks","uksouth","AmlRegistryWriteEventsLog","0","No Data"
"6052118b-adbb-4504-a41a-e8e1121163fe","TLZADM-PROD-SUB-01","Monster-LA","rg-az-monitoring-uks","uksouth","StorageMalwareScanningResults","0","No Data"
"6052118b-adbb-4504-a41a-e8e1121163fe","TLZADM-PROD-SUB-01","Monster-LA","rg-az-monitoring-uks","uksouth","AppEnvSpringAppConsoleLogs","0","No Data"
"6052118b-adbb-4504-a41a-e8e1121163fe","TLZADM-PROD-SUB-01","Monster-LA","rg-az-monitoring-uks","uksouth","ChaosStudioExperimentEventLogs","0","No Data"
"6052118b-adbb-4504-a41a-e8e1121163fe","TLZADM-PROD-SUB-01","Monster-LA","rg-az-monitoring-uks","uksouth","AKSAudit","0","No Data"
"6052118b-adbb-4504-a41a-e8e1121163fe","TLZADM-PROD-SUB-01","Monster-LA","rg-az-monitoring-uks","uksouth","AKSAuditAdmin","0","No Data"
"6052118b-adbb-4504-a41a-e8e1121163fe","TLZADM-PROD-SUB-01","Monster-LA","rg-az-monitoring-uks","uksouth","AKSControlPlane","0","No Data"
"6052118b-adbb-4504-a41a-e8e1121163fe","TLZADM-PROD-SUB-01","Monster-LA","rg-az-monitoring-uks","uksouth","AACAudit","0","No Data"
"6052118b-adbb-4504-a41a-e8e1121163fe","TLZADM-PROD-SUB-01","Monster-LA","rg-az-monitoring-uks","uksouth","AADDomainServicesAccountLogon","0","No Data"
"6052118b-adbb-4504-a41a-e8e1121163fe","TLZADM-PROD-SUB-01","Monster-LA","rg-az-monitoring-uks","uksouth","AADDomainServicesAccountManagement","0","No Data"
"6052118b-adbb-4504-a41a-e8e1121163fe","TLZADM-PROD-SUB-01","Monster-LA","rg-az-monitoring-uks","uksouth","AADDomainServicesDirectoryServiceAccess","0","No Data"
"6052118b-adbb-4504-a41a-e8e1121163fe","TLZADM-PROD-SUB-01","Monster-LA","rg-az-monitoring-uks","uksouth","AADDomainServicesPolicyChange","0","No Data"
"6052118b-adbb-4504-a41a-e8e1121163fe","TLZADM-PROD-SUB-01","Monster-LA","rg-az-monitoring-uks","uksouth","AADDomainServicesPrivilegeUse","0","No Data"
"6052118b-adbb-4504-a41a-e8e1121163fe","TLZADM-PROD-SUB-01","Monster-LA","rg-az-monitoring-uks","uksouth","WVDAutoscaleEvaluationPooled","0","No Data"
"6052118b-adbb-4504-a41a-e8e1121163fe","TLZADM-PROD-SUB-01","Monster-LA","rg-az-monitoring-uks","uksouth","ContainerAppConsoleLogs","0","No Data"
"6052118b-adbb-4504-a41a-e8e1121163fe","TLZADM-PROD-SUB-01","Monster-LA","rg-az-monitoring-uks","uksouth","OEPAuditLogs","0","No Data"
"6052118b-adbb-4504-a41a-e8e1121163fe","TLZADM-PROD-SUB-01","Monster-LA","rg-az-monitoring-uks","uksouth","OEPDataplaneLogs","0","No Data"
"6052118b-adbb-4504-a41a-e8e1121163fe","TLZADM-PROD-SUB-01","Monster-LA","rg-az-monitoring-uks","uksouth","SynapseSqlPoolExecRequests","0","No Data"
"6052118b-adbb-4504-a41a-e8e1121163fe","TLZADM-PROD-SUB-01","Monster-LA","rg-az-monitoring-uks","uksouth","SynapseSqlPoolWaits","0","No Data"
"6052118b-adbb-4504-a41a-e8e1121163fe","TLZADM-PROD-SUB-01","Monster-LA","rg-az-monitoring-uks","uksouth","DatabricksCapsule8Dataplane","0","No Data"
"6052118b-adbb-4504-a41a-e8e1121163fe","TLZADM-PROD-SUB-01","Monster-LA","rg-az-monitoring-uks","uksouth","DatabricksClusterLibraries","0","No Data"
"6052118b-adbb-4504-a41a-e8e1121163fe","TLZADM-PROD-SUB-01","Monster-LA","rg-az-monitoring-uks","uksouth","DatabricksServerlessRealTimeInference","0","No Data"
"6052118b-adbb-4504-a41a-e8e1121163fe","TLZADM-PROD-SUB-01","Monster-LA","rg-az-monitoring-uks","uksouth","SynapseSqlPoolRequestSteps","0","No Data"
"6052118b-adbb-4504-a41a-e8e1121163fe","TLZADM-PROD-SUB-01","Monster-LA","rg-az-monitoring-uks","uksouth","SynapseSqlPoolDmsWorkers","0","No Data"
"6052118b-adbb-4504-a41a-e8e1121163fe","TLZADM-PROD-SUB-01","Monster-LA","rg-az-monitoring-uks","uksouth","SynapseSqlPoolSqlRequests","0","No Data"
"6052118b-adbb-4504-a41a-e8e1121163fe","TLZADM-PROD-SUB-01","Monster-LA","rg-az-monitoring-uks","uksouth","ACSBillingUsage","0","No Data"
"6052118b-adbb-4504-a41a-e8e1121163fe","TLZADM-PROD-SUB-01","Monster-LA","rg-az-monitoring-uks","uksouth","AADDomainServicesDNSAuditsDynamicUpdates","0","No Data"
"6052118b-adbb-4504-a41a-e8e1121163fe","TLZADM-PROD-SUB-01","Monster-LA","rg-az-monitoring-uks","uksouth","AADDomainServicesDNSAuditsGeneral","0","No Data"
"6052118b-adbb-4504-a41a-e8e1121163fe","TLZADM-PROD-SUB-01","Monster-LA","rg-az-monitoring-uks","uksouth","ApiManagementWebSocketConnectionLogs","0","No Data"
"6052118b-adbb-4504-a41a-e8e1121163fe","TLZADM-PROD-SUB-01","Monster-LA","rg-az-monitoring-uks","uksouth","ACSCallSurvey","0","No Data"
"6052118b-adbb-4504-a41a-e8e1121163fe","TLZADM-PROD-SUB-01","Monster-LA","rg-az-monitoring-uks","uksouth","ACSCallAutomationIncomingOperations","0","No Data"
"6052118b-adbb-4504-a41a-e8e1121163fe","TLZADM-PROD-SUB-01","Monster-LA","rg-az-monitoring-uks","uksouth","ACSCallAutomationMediaSummary","0","No Data"
"6052118b-adbb-4504-a41a-e8e1121163fe","TLZADM-PROD-SUB-01","Monster-LA","rg-az-monitoring-uks","uksouth","OEPAirFlowTask","0","No Data"
"6052118b-adbb-4504-a41a-e8e1121163fe","TLZADM-PROD-SUB-01","Monster-LA","rg-az-monitoring-uks","uksouth","ACSCallRecordingIncomingOperations","0","No Data"
"6052118b-adbb-4504-a41a-e8e1121163fe","TLZADM-PROD-SUB-01","Monster-LA","rg-az-monitoring-uks","uksouth","DataTransferOperations","0","No Data"
"6052118b-adbb-4504-a41a-e8e1121163fe","TLZADM-PROD-SUB-01","Monster-LA","rg-az-monitoring-uks","uksouth","AHDSDicomDiagnosticLogs","0","No Data"
"6052118b-adbb-4504-a41a-e8e1121163fe","TLZADM-PROD-SUB-01","Monster-LA","rg-az-monitoring-uks","uksouth","AHDSDicomAuditLogs","0","No Data"
"6052118b-adbb-4504-a41a-e8e1121163fe","TLZADM-PROD-SUB-01","Monster-LA","rg-az-monitoring-uks","uksouth","AZMSVnetConnectionEvents","0","No Data"
"6052118b-adbb-4504-a41a-e8e1121163fe","TLZADM-PROD-SUB-01","Monster-LA","rg-az-monitoring-uks","uksouth","AZMSArchiveLogs","0","No Data"
"6052118b-adbb-4504-a41a-e8e1121163fe","TLZADM-PROD-SUB-01","Monster-LA","rg-az-monitoring-uks","uksouth","AZMSAutoscaleLogs","0","No Data"
"6052118b-adbb-4504-a41a-e8e1121163fe","TLZADM-PROD-SUB-01","Monster-LA","rg-az-monitoring-uks","uksouth","AZMSKafkaCoordinatorLogs","0","No Data"
"6052118b-adbb-4504-a41a-e8e1121163fe","TLZADM-PROD-SUB-01","Monster-LA","rg-az-monitoring-uks","uksouth","AZMSKafkaUserErrorLogs","0","No Data"
"6052118b-adbb-4504-a41a-e8e1121163fe","TLZADM-PROD-SUB-01","Monster-LA","rg-az-monitoring-uks","uksouth","AZMSCustomerManagedKeyUserLogs","0","No Data"
"6052118b-adbb-4504-a41a-e8e1121163fe","TLZADM-PROD-SUB-01","Monster-LA","rg-az-monitoring-uks","uksouth","AZMSHybridConnectionsEvents","0","No Data"
"6052118b-adbb-4504-a41a-e8e1121163fe","TLZADM-PROD-SUB-01","Monster-LA","rg-az-monitoring-uks","uksouth","AZMSOperationalLogs","0","No Data"
"6052118b-adbb-4504-a41a-e8e1121163fe","TLZADM-PROD-SUB-01","Monster-LA","rg-az-monitoring-uks","uksouth","AZMSRunTimeAuditLogs","0","No Data"
"6052118b-adbb-4504-a41a-e8e1121163fe","TLZADM-PROD-SUB-01","Monster-LA","rg-az-monitoring-uks","uksouth","AZMSApplicationMetricLogs","0","No Data"
"6052118b-adbb-4504-a41a-e8e1121163fe","TLZADM-PROD-SUB-01","Monster-LA","rg-az-monitoring-uks","uksouth","PurviewSecurityLogs","0","No Data"
"6052118b-adbb-4504-a41a-e8e1121163fe","TLZADM-PROD-SUB-01","Monster-LA","rg-az-monitoring-uks","uksouth","PowerBIDatasetsWorkspace","0","No Data"
"6052118b-adbb-4504-a41a-e8e1121163fe","TLZADM-PROD-SUB-01","Monster-LA","rg-az-monitoring-uks","uksouth","AmlComputeCpuGpuUtilization","0","No Data"
"6052118b-adbb-4504-a41a-e8e1121163fe","TLZADM-PROD-SUB-01","Monster-LA","rg-az-monitoring-uks","uksouth","NCBMSystemLogs","0","No Data"
"6052118b-adbb-4504-a41a-e8e1121163fe","TLZADM-PROD-SUB-01","Monster-LA","rg-az-monitoring-uks","uksouth","NCBMSecurityLogs","0","No Data"
"6052118b-adbb-4504-a41a-e8e1121163fe","TLZADM-PROD-SUB-01","Monster-LA","rg-az-monitoring-uks","uksouth","NCCKubernetesLogs","0","No Data"
"6052118b-adbb-4504-a41a-e8e1121163fe","TLZADM-PROD-SUB-01","Monster-LA","rg-az-monitoring-uks","uksouth","NCCVMOrchestrationLogs","0","No Data"
"6052118b-adbb-4504-a41a-e8e1121163fe","TLZADM-PROD-SUB-01","Monster-LA","rg-az-monitoring-uks","uksouth","AFSAuditLogs","0","No Data"
"6052118b-adbb-4504-a41a-e8e1121163fe","TLZADM-PROD-SUB-01","Monster-LA","rg-az-monitoring-uks","uksouth","ContainerInstanceLog","0","No Data"
"6052118b-adbb-4504-a41a-e8e1121163fe","TLZADM-PROD-SUB-01","Monster-LA","rg-az-monitoring-uks","uksouth","ContainerEvent","0","No Data"
"6052118b-adbb-4504-a41a-e8e1121163fe","TLZADM-PROD-SUB-01","Monster-LA","rg-az-monitoring-uks","uksouth","AVNMRuleCollectionChange","0","No Data"
"6052118b-adbb-4504-a41a-e8e1121163fe","TLZADM-PROD-SUB-01","Monster-LA","rg-az-monitoring-uks","uksouth","ACSJobRouterIncomingOperations","0","No Data"
"6052118b-adbb-4504-a41a-e8e1121163fe","TLZADM-PROD-SUB-01","Monster-LA","rg-az-monitoring-uks","uksouth","DCRLogErrors","0","No Data"
"6052118b-adbb-4504-a41a-e8e1121163fe","TLZADM-PROD-SUB-01","Monster-LA","rg-az-monitoring-uks","uksouth","DCRLogTroubleshooting","0","No Data"
"6052118b-adbb-4504-a41a-e8e1121163fe","TLZADM-PROD-SUB-01","Monster-LA","rg-az-monitoring-uks","uksouth","CassandraLogs","0","No Data"
"6052118b-adbb-4504-a41a-e8e1121163fe","TLZADM-PROD-SUB-01","Monster-LA","rg-az-monitoring-uks","uksouth","DevCenterResourceOperationLogs","0","No Data"
"6052118b-adbb-4504-a41a-e8e1121163fe","TLZADM-PROD-SUB-01","Monster-LA","rg-az-monitoring-uks","uksouth","FailedIngestion","0","No Data"
"6052118b-adbb-4504-a41a-e8e1121163fe","TLZADM-PROD-SUB-01","Monster-LA","rg-az-monitoring-uks","uksouth","ADXIngestionBatching","0","No Data"
"6052118b-adbb-4504-a41a-e8e1121163fe","TLZADM-PROD-SUB-01","Monster-LA","rg-az-monitoring-uks","uksouth","ADXJournal","0","No Data"
"6052118b-adbb-4504-a41a-e8e1121163fe","TLZADM-PROD-SUB-01","Monster-LA","rg-az-monitoring-uks","uksouth","SucceededIngestion","0","No Data"
"6052118b-adbb-4504-a41a-e8e1121163fe","TLZADM-PROD-SUB-01","Monster-LA","rg-az-monitoring-uks","uksouth","ADXTableDetails","0","No Data"
"6052118b-adbb-4504-a41a-e8e1121163fe","TLZADM-PROD-SUB-01","Monster-LA","rg-az-monitoring-uks","uksouth","ADXTableUsageStatistics","0","No Data"
"6052118b-adbb-4504-a41a-e8e1121163fe","TLZADM-PROD-SUB-01","Monster-LA","rg-az-monitoring-uks","uksouth","EnrichedMicrosoft365AuditLogs","0","No Data"
"6052118b-adbb-4504-a41a-e8e1121163fe","TLZADM-PROD-SUB-01","Monster-LA","rg-az-monitoring-uks","uksouth","Windows365AuditLogs","0","No Data"
"6052118b-adbb-4504-a41a-e8e1121163fe","TLZADM-PROD-SUB-01","Monster-LA","rg-az-monitoring-uks","uksouth","StorageBlobLogs","0","No Data"
"6052118b-adbb-4504-a41a-e8e1121163fe","TLZADM-PROD-SUB-01","Monster-LA","rg-az-monitoring-uks","uksouth","ACRConnectedClientList","0","No Data"
"6052118b-adbb-4504-a41a-e8e1121163fe","TLZADM-PROD-SUB-01","Monster-LA","rg-az-monitoring-uks","uksouth","ACSEmailStatusUpdateOperational","0","No Data"
"6052118b-adbb-4504-a41a-e8e1121163fe","TLZADM-PROD-SUB-01","Monster-LA","rg-az-monitoring-uks","uksouth","DevCenterBillingEventLogs","0","No Data"
"6052118b-adbb-4504-a41a-e8e1121163fe","TLZADM-PROD-SUB-01","Monster-LA","rg-az-monitoring-uks","uksouth","AADCustomSecurityAttributeAuditLogs","0","No Data"
"6052118b-adbb-4504-a41a-e8e1121163fe","TLZADM-PROD-SUB-01","Monster-LA","rg-az-monitoring-uks","uksouth","AmlRunStatusChangedEvent","0","No Data"
"6052118b-adbb-4504-a41a-e8e1121163fe","TLZADM-PROD-SUB-01","Monster-LA","rg-az-monitoring-uks","uksouth","AGWPerformanceLogs","0","No Data"
"6052118b-adbb-4504-a41a-e8e1121163fe","TLZADM-PROD-SUB-01","Monster-LA","rg-az-monitoring-uks","uksouth","AzureMetricsV2","0","No Data"
"6052118b-adbb-4504-a41a-e8e1121163fe","TLZADM-PROD-SUB-01","Monster-LA","rg-az-monitoring-uks","uksouth","AppServiceAuthenticationLogs","0","No Data"
"6052118b-adbb-4504-a41a-e8e1121163fe","TLZADM-PROD-SUB-01","Monster-LA","rg-az-monitoring-uks","uksouth","AEWAssignmentBlobLogs","0","No Data"
"6052118b-adbb-4504-a41a-e8e1121163fe","TLZADM-PROD-SUB-01","Monster-LA","rg-az-monitoring-uks","uksouth","ACSRoomsIncomingOperations","0","No Data"
"6052118b-adbb-4504-a41a-e8e1121163fe","TLZADM-PROD-SUB-01","Monster-LA","rg-az-monitoring-uks","uksouth","AVNMConnectivityConfigurationChange","0","No Data"
"6052118b-adbb-4504-a41a-e8e1121163fe","TLZADM-PROD-SUB-01","Monster-LA","rg-az-monitoring-uks","uksouth","LASummaryLogs","0","No Data"
"6052118b-adbb-4504-a41a-e8e1121163fe","TLZADM-PROD-SUB-01","Monster-LA","rg-az-monitoring-uks","uksouth","AddonAzureBackupAlerts","0","No Data"
"6052118b-adbb-4504-a41a-e8e1121163fe","TLZADM-PROD-SUB-01","Monster-LA","rg-az-monitoring-uks","uksouth","AddonAzureBackupJobs","0","No Data"
"6052118b-adbb-4504-a41a-e8e1121163fe","TLZADM-PROD-SUB-01","Monster-LA","rg-az-monitoring-uks","uksouth","AddonAzureBackupPolicy","0","No Data"
"6052118b-adbb-4504-a41a-e8e1121163fe","TLZADM-PROD-SUB-01","Monster-LA","rg-az-monitoring-uks","uksouth","AddonAzureBackupStorage","0","No Data"
"6052118b-adbb-4504-a41a-e8e1121163fe","TLZADM-PROD-SUB-01","Monster-LA","rg-az-monitoring-uks","uksouth","BlockchainApplicationLog","0","No Data"
"6052118b-adbb-4504-a41a-e8e1121163fe","TLZADM-PROD-SUB-01","Monster-LA","rg-az-monitoring-uks","uksouth","BlockchainProxyLog","0","No Data"
"6052118b-adbb-4504-a41a-e8e1121163fe","TLZADM-PROD-SUB-01","Monster-LA","rg-az-monitoring-uks","uksouth","CoreAzureBackup","0","No Data"
"6052118b-adbb-4504-a41a-e8e1121163fe","TLZADM-PROD-SUB-01","Monster-LA","rg-az-monitoring-uks","uksouth","MicrosoftDataShareShareLog","0","No Data"
"6052118b-adbb-4504-a41a-e8e1121163fe","TLZADM-PROD-SUB-01","Monster-LA","rg-az-monitoring-uks","uksouth","Syslog","0","No Data"
"6052118b-adbb-4504-a41a-e8e1121163fe","TLZADM-PROD-SUB-01","Monster-LA","rg-az-monitoring-uks","uksouth","AADDomainServicesLogonLogoff","0","No Data"
"6052118b-adbb-4504-a41a-e8e1121163fe","TLZADM-PROD-SUB-01","Monster-LA","rg-az-monitoring-uks","uksouth","ACSCallClientOperations","0","No Data"
"6052118b-adbb-4504-a41a-e8e1121163fe","TLZADM-PROD-SUB-01","Monster-LA","rg-az-monitoring-uks","uksouth","ACSEmailSendMailOperational","0","No Data"
"6052118b-adbb-4504-a41a-e8e1121163fe","TLZADM-PROD-SUB-01","Monster-LA","rg-az-monitoring-uks","uksouth","ASRReplicatedItems","0","No Data"
"6052118b-adbb-4504-a41a-e8e1121163fe","TLZADM-PROD-SUB-01","Monster-LA","rg-az-monitoring-uks","uksouth","AzureBackupOperations","0","No Data"
"6052118b-adbb-4504-a41a-e8e1121163fe","TLZADM-PROD-SUB-01","Monster-LA","rg-az-monitoring-uks","uksouth","AVNMIPAMPoolAllocationChange","0","No Data"
"6052118b-adbb-4504-a41a-e8e1121163fe","TLZADM-PROD-SUB-01","Monster-LA","rg-az-monitoring-uks","uksouth","CIEventsAudit","0","No Data"
"6052118b-adbb-4504-a41a-e8e1121163fe","TLZADM-PROD-SUB-01","Monster-LA","rg-az-monitoring-uks","uksouth","CIEventsOperational","0","No Data"
"6052118b-adbb-4504-a41a-e8e1121163fe","TLZADM-PROD-SUB-01","Monster-LA","rg-az-monitoring-uks","uksouth","AADServicePrincipalRiskEvents","0","No Data"
"6052118b-adbb-4504-a41a-e8e1121163fe","TLZADM-PROD-SUB-01","Monster-LA","rg-az-monitoring-uks","uksouth","AOIDigestion","0","No Data"
"6052118b-adbb-4504-a41a-e8e1121163fe","TLZADM-PROD-SUB-01","Monster-LA","rg-az-monitoring-uks","uksouth","AOIDatabaseQuery","0","No Data"
"6052118b-adbb-4504-a41a-e8e1121163fe","TLZADM-PROD-SUB-01","Monster-LA","rg-az-monitoring-uks","uksouth","AOIStorage","0","No Data"
"6052118b-adbb-4504-a41a-e8e1121163fe","TLZADM-PROD-SUB-01","Monster-LA","rg-az-monitoring-uks","uksouth","SynapseRbacOperations","0","No Data"
"6052118b-adbb-4504-a41a-e8e1121163fe","TLZADM-PROD-SUB-01","Monster-LA","rg-az-monitoring-uks","uksouth","EGNSuccessfulMqttConnections","0","No Data"
"6052118b-adbb-4504-a41a-e8e1121163fe","TLZADM-PROD-SUB-01","Monster-LA","rg-az-monitoring-uks","uksouth","EGNFailedMqttConnections","0","No Data"
"6052118b-adbb-4504-a41a-e8e1121163fe","TLZADM-PROD-SUB-01","Monster-LA","rg-az-monitoring-uks","uksouth","EGNMqttDisconnections","0","No Data"
"6052118b-adbb-4504-a41a-e8e1121163fe","TLZADM-PROD-SUB-01","Monster-LA","rg-az-monitoring-uks","uksouth","EGNFailedMqttPublishedMessages","0","No Data"
"6052118b-adbb-4504-a41a-e8e1121163fe","TLZADM-PROD-SUB-01","Monster-LA","rg-az-monitoring-uks","uksouth","EGNFailedMqttSubscriptions","0","No Data"
"6052118b-adbb-4504-a41a-e8e1121163fe","TLZADM-PROD-SUB-01","Monster-LA","rg-az-monitoring-uks","uksouth","ACSCallClientMediaStatsTimeSeries","0","No Data"
"6052118b-adbb-4504-a41a-e8e1121163fe","TLZADM-PROD-SUB-01","Monster-LA","rg-az-monitoring-uks","uksouth","DNSQueryLogs","0","No Data"
"6052118b-adbb-4504-a41a-e8e1121163fe","TLZADM-PROD-SUB-01","Monster-LA","rg-az-monitoring-uks","uksouth","AddonAzureBackupProtectedInstance","0","No Data"
"6052118b-adbb-4504-a41a-e8e1121163fe","TLZADM-PROD-SUB-01","Monster-LA","rg-az-monitoring-uks","uksouth","AGCAccessLogs","0","No Data"
"6052118b-adbb-4504-a41a-e8e1121163fe","TLZADM-PROD-SUB-01","Monster-LA","rg-az-monitoring-uks","uksouth","ArcK8sAudit","0","No Data"
"6052118b-adbb-4504-a41a-e8e1121163fe","TLZADM-PROD-SUB-01","Monster-LA","rg-az-monitoring-uks","uksouth","ArcK8sAuditAdmin","0","No Data"
"6052118b-adbb-4504-a41a-e8e1121163fe","TLZADM-PROD-SUB-01","Monster-LA","rg-az-monitoring-uks","uksouth","ArcK8sControlPlane","0","No Data"
"6052118b-adbb-4504-a41a-e8e1121163fe","TLZADM-PROD-SUB-01","Monster-LA","rg-az-monitoring-uks","uksouth","MNFDeviceUpdates","0","No Data"
"6052118b-adbb-4504-a41a-e8e1121163fe","TLZADM-PROD-SUB-01","Monster-LA","rg-az-monitoring-uks","uksouth","MNFSystemStateMessageUpdates","0","No Data"
"6052118b-adbb-4504-a41a-e8e1121163fe","TLZADM-PROD-SUB-01","Monster-LA","rg-az-monitoring-uks","uksouth","ACSCallClosedCaptionsSummary","0","No Data"
"6052118b-adbb-4504-a41a-e8e1121163fe","TLZADM-PROD-SUB-01","Monster-LA","rg-az-monitoring-uks","uksouth","CDBDataPlaneRequests","0","No Data"
"6052118b-adbb-4504-a41a-e8e1121163fe","TLZADM-PROD-SUB-01","Monster-LA","rg-az-monitoring-uks","uksouth","CDBPartitionKeyStatistics","0","No Data"
"6052118b-adbb-4504-a41a-e8e1121163fe","TLZADM-PROD-SUB-01","Monster-LA","rg-az-monitoring-uks","uksouth","CDBQueryRuntimeStatistics","0","No Data"
"6052118b-adbb-4504-a41a-e8e1121163fe","TLZADM-PROD-SUB-01","Monster-LA","rg-az-monitoring-uks","uksouth","CDBMongoRequests","0","No Data"
"6052118b-adbb-4504-a41a-e8e1121163fe","TLZADM-PROD-SUB-01","Monster-LA","rg-az-monitoring-uks","uksouth","CDBCassandraRequests","0","No Data"
"6052118b-adbb-4504-a41a-e8e1121163fe","TLZADM-PROD-SUB-01","Monster-LA","rg-az-monitoring-uks","uksouth","CDBGremlinRequests","0","No Data"
"6052118b-adbb-4504-a41a-e8e1121163fe","TLZADM-PROD-SUB-01","Monster-LA","rg-az-monitoring-uks","uksouth","AZKVAuditLogs","0","No Data"
"6052118b-adbb-4504-a41a-e8e1121163fe","TLZADM-PROD-SUB-01","Monster-LA","rg-az-monitoring-uks","uksouth","AZKVPolicyEvaluationDetailsLogs","0","No Data"
"6052118b-adbb-4504-a41a-e8e1121163fe","TLZADM-PROD-SUB-01","Monster-LA","rg-az-monitoring-uks","uksouth","DatabricksSQL","0","No Data"
"6052118b-adbb-4504-a41a-e8e1121163fe","TLZADM-PROD-SUB-01","Monster-LA","rg-az-monitoring-uks","uksouth","NCBMSecurityDefenderLogs","0","No Data"
"6052118b-adbb-4504-a41a-e8e1121163fe","TLZADM-PROD-SUB-01","Monster-LA","rg-az-monitoring-uks","uksouth","RemoteNetworkHealthLogs","0","No Data"
"6052118b-adbb-4504-a41a-e8e1121163fe","TLZADM-PROD-SUB-01","Monster-LA","rg-az-monitoring-uks","uksouth","NCBMBreakGlassAuditLogs","0","No Data"
"6052118b-adbb-4504-a41a-e8e1121163fe","TLZADM-PROD-SUB-01","Monster-LA","rg-az-monitoring-uks","uksouth","AzureActivity","0","No Data"
"6052118b-adbb-4504-a41a-e8e1121163fe","TLZADM-PROD-SUB-01","Monster-LA","rg-az-monitoring-uks","uksouth","StorageQueueLogs","0","No Data"
"6052118b-adbb-4504-a41a-e8e1121163fe","TLZADM-PROD-SUB-01","Monster-LA","rg-az-monitoring-uks","uksouth","StorageTableLogs","0","No Data"
"6052118b-adbb-4504-a41a-e8e1121163fe","TLZADM-PROD-SUB-01","Monster-LA","rg-az-monitoring-uks","uksouth","NTATopologyDetails","0","No Data"
"6052118b-adbb-4504-a41a-e8e1121163fe","TLZADM-PROD-SUB-01","Monster-LA","rg-az-monitoring-uks","uksouth","StorageFileLogs","0","No Data"
"6052118b-adbb-4504-a41a-e8e1121163fe","TLZADM-PROD-SUB-01","Monster-LA","rg-az-monitoring-uks","uksouth","DatabricksBrickStoreHttpGateway","0","No Data"
"6052118b-adbb-4504-a41a-e8e1121163fe","TLZADM-PROD-SUB-01","Monster-LA","rg-az-monitoring-uks","uksouth","DatabricksDashboards","0","No Data"
"6052118b-adbb-4504-a41a-e8e1121163fe","TLZADM-PROD-SUB-01","Monster-LA","rg-az-monitoring-uks","uksouth","DatabricksCloudStorageMetadata","0","No Data"
"6052118b-adbb-4504-a41a-e8e1121163fe","TLZADM-PROD-SUB-01","Monster-LA","rg-az-monitoring-uks","uksouth","DatabricksPredictiveOptimization","0","No Data"
"6052118b-adbb-4504-a41a-e8e1121163fe","TLZADM-PROD-SUB-01","Monster-LA","rg-az-monitoring-uks","uksouth","DatabricksDataMonitoring","0","No Data"
"6052118b-adbb-4504-a41a-e8e1121163fe","TLZADM-PROD-SUB-01","Monster-LA","rg-az-monitoring-uks","uksouth","DatabricksIngestion","0","No Data"
"6052118b-adbb-4504-a41a-e8e1121163fe","TLZADM-PROD-SUB-01","Monster-LA","rg-az-monitoring-uks","uksouth","DatabricksMarketplaceConsumer","0","No Data"
"6052118b-adbb-4504-a41a-e8e1121163fe","TLZADM-PROD-SUB-01","Monster-LA","rg-az-monitoring-uks","uksouth","DatabricksLineageTracking","0","No Data"
"6052118b-adbb-4504-a41a-e8e1121163fe","TLZADM-PROD-SUB-01","Monster-LA","rg-az-monitoring-uks","uksouth","DatabricksFilesystem","0","No Data"
"6052118b-adbb-4504-a41a-e8e1121163fe","TLZADM-PROD-SUB-01","Monster-LA","rg-az-monitoring-uks","uksouth","LAQueryLogs","0","No Data"
"6052118b-adbb-4504-a41a-e8e1121163fe","TLZADM-PROD-SUB-01","Monster-LA","rg-az-monitoring-uks","uksouth","AMWMetricsUsageDetails","0","No Data"
"6052118b-adbb-4504-a41a-e8e1121163fe","TLZADM-PROD-SUB-01","Monster-LA","rg-az-monitoring-uks","uksouth","ASRJobs","0","No Data"
"6052118b-adbb-4504-a41a-e8e1121163fe","TLZADM-PROD-SUB-01","Monster-LA","rg-az-monitoring-uks","uksouth","MNFSystemSessionHistoryUpdates","0","No Data"
"6052118b-adbb-4504-a41a-e8e1121163fe","TLZADM-PROD-SUB-01","Monster-LA","rg-az-monitoring-uks","uksouth","UCClient","0","No Data"
"6052118b-adbb-4504-a41a-e8e1121163fe","TLZADM-PROD-SUB-01","Monster-LA","rg-az-monitoring-uks","uksouth","UCClientUpdateStatus","0","No Data"
"6052118b-adbb-4504-a41a-e8e1121163fe","TLZADM-PROD-SUB-01","Monster-LA","rg-az-monitoring-uks","uksouth","MDCFileIntegrityMonitoringEvents","0","No Data"
"6052118b-adbb-4504-a41a-e8e1121163fe","TLZADM-PROD-SUB-01","Monster-LA","rg-az-monitoring-uks","uksouth","NTAIpDetails","0","No Data"
"6052118b-adbb-4504-a41a-e8e1121163fe","TLZADM-PROD-SUB-01","Monster-LA","rg-az-monitoring-uks","uksouth","NTAInsights","0","No Data"
"6052118b-adbb-4504-a41a-e8e1121163fe","TLZADM-PROD-SUB-01","Monster-LA","rg-az-monitoring-uks","uksouth","AzureActivityV2","0","No Data"
"6052118b-adbb-4504-a41a-e8e1121163fe","TLZADM-PROD-SUB-01","Monster-LA","rg-az-monitoring-uks","uksouth","ApiManagementGatewayLogs","0","No Data"
"6052118b-adbb-4504-a41a-e8e1121163fe","TLZADM-PROD-SUB-01","Monster-LA","rg-az-monitoring-uks","uksouth","AZMSDiagnosticErrorLogs","0","No Data"
"6052118b-adbb-4504-a41a-e8e1121163fe","TLZADM-PROD-SUB-01","Monster-LA","rg-az-monitoring-uks","uksouth","ContainerAppSystemLogs","0","No Data"
"6052118b-adbb-4504-a41a-e8e1121163fe","TLZADM-PROD-SUB-01","Monster-LA","rg-az-monitoring-uks","uksouth","ALBHealthEvent","0","No Data"
"6052118b-adbb-4504-a41a-e8e1121163fe","TLZADM-PROD-SUB-01","Monster-LA","rg-az-monitoring-uks","uksouth","MicrosoftGraphActivityLogs","0","No Data"
"6052118b-adbb-4504-a41a-e8e1121163fe","TLZADM-PROD-SUB-01","Monster-LA","rg-az-monitoring-uks","uksouth","NTANetAnalytics","0","No Data"
"6052118b-adbb-4504-a41a-e8e1121163fe","TLZADM-PROD-SUB-01","Monster-LA","rg-az-monitoring-uks","uksouth","ACSCallDiagnostics","0","No Data"
"6052118b-adbb-4504-a41a-e8e1121163fe","TLZADM-PROD-SUB-01","Monster-LA","rg-az-monitoring-uks","uksouth","ACSAdvancedMessagingOperations","0","No Data"
"6052118b-adbb-4504-a41a-e8e1121163fe","TLZADM-PROD-SUB-01","Monster-LA","rg-az-monitoring-uks","uksouth","CDBPartitionKeyRUConsumption","0","No Data"
"6052118b-adbb-4504-a41a-e8e1121163fe","TLZADM-PROD-SUB-01","Monster-LA","rg-az-monitoring-uks","uksouth","NCSStorageAlerts","0","No Data"
"6052118b-adbb-4504-a41a-e8e1121163fe","TLZADM-PROD-SUB-01","Monster-LA","rg-az-monitoring-uks","uksouth","NCSStorageLogs","0","No Data"
"6052118b-adbb-4504-a41a-e8e1121163fe","TLZADM-PROD-SUB-01","Monster-LA","rg-az-monitoring-uks","uksouth","ATCPrivatePeeringMetadata","0","No Data"
"6052118b-adbb-4504-a41a-e8e1121163fe","TLZADM-PROD-SUB-01","Monster-LA","rg-az-monitoring-uks","uksouth","NGXOperationLogs","0","No Data"
"6052118b-adbb-4504-a41a-e8e1121163fe","TLZADM-PROD-SUB-01","Monster-LA","rg-az-monitoring-uks","uksouth","NGXSecurityLogs","0","No Data"
"6052118b-adbb-4504-a41a-e8e1121163fe","TLZADM-PROD-SUB-01","Monster-LA","rg-az-monitoring-uks","uksouth","NCMClusterOperationsLogs","0","No Data"
"6052118b-adbb-4504-a41a-e8e1121163fe","TLZADM-PROD-SUB-01","Monster-LA","rg-az-monitoring-uks","uksouth","NCSStorageAudits","0","No Data"
"6052118b-adbb-4504-a41a-e8e1121163fe","TLZADM-PROD-SUB-01","Monster-LA","rg-az-monitoring-uks","uksouth","APIMDevPortalAuditDiagnosticLog","0","No Data"
"6052118b-adbb-4504-a41a-e8e1121163fe","TLZADM-PROD-SUB-01","Monster-LA","rg-az-monitoring-uks","uksouth","CDBTableApiRequests","0","No Data"
"6052118b-adbb-4504-a41a-e8e1121163fe","TLZADM-PROD-SUB-01","Monster-LA","rg-az-monitoring-uks","uksouth","ADFSSignInLogs","0","No Data"
"6052118b-adbb-4504-a41a-e8e1121163fe","TLZADM-PROD-SUB-01","Monster-LA","rg-az-monitoring-uks","uksouth","AHDSDeidAuditLogs","0","No Data"
"6052118b-adbb-4504-a41a-e8e1121163fe","TLZADM-PROD-SUB-01","Monster-LA","rg-az-monitoring-uks","uksouth","CHSMServiceOperationAuditLogs","0","No Data"
"6052118b-adbb-4504-a41a-e8e1121163fe","TLZADM-PROD-SUB-01","Monster-LA","rg-az-monitoring-uks","uksouth","ACREntraAuthenticationAuditLog","0","No Data"
"6052118b-adbb-4504-a41a-e8e1121163fe","TLZADM-PROD-SUB-01","Monster-LA","rg-az-monitoring-uks","uksouth","ACSCallSummary","0","No Data"
"6052118b-adbb-4504-a41a-e8e1121163fe","TLZADM-PROD-SUB-01","Monster-LA","rg-az-monitoring-uks","uksouth","EGNSuccessfulHttpDataPlaneOperations","0","No Data"
"6052118b-adbb-4504-a41a-e8e1121163fe","TLZADM-PROD-SUB-01","Monster-LA","rg-az-monitoring-uks","uksouth","EGNFailedHttpDataPlaneOperations","0","No Data"
"6052118b-adbb-4504-a41a-e8e1121163fe","TLZADM-PROD-SUB-01","Monster-LA","rg-az-monitoring-uks","uksouth","AzureMetrics","0","No Data"
"6052118b-adbb-4504-a41a-e8e1121163fe","TLZADM-PROD-SUB-01","Monster-LA","rg-az-monitoring-uks","uksouth","WVDConnections","0","No Data"
"6052118b-adbb-4504-a41a-e8e1121163fe","TLZADM-PROD-SUB-01","Monster-LA","rg-az-monitoring-uks","uksouth","WVDFeeds","0","No Data"
"6052118b-adbb-4504-a41a-e8e1121163fe","TLZADM-PROD-SUB-01","Monster-LA","rg-az-monitoring-uks","uksouth","WVDManagement","0","No Data"
"6052118b-adbb-4504-a41a-e8e1121163fe","TLZADM-PROD-SUB-01","Monster-LA","rg-az-monitoring-uks","uksouth","NetworkAccessAlerts","0","No Data"
"6052118b-adbb-4504-a41a-e8e1121163fe","TLZADM-PROD-SUB-01","Monster-LA","rg-az-monitoring-uks","uksouth","WVDSessionHostManagement","0","No Data"
"6052118b-adbb-4504-a41a-e8e1121163fe","TLZADM-PROD-SUB-01","Monster-LA","rg-az-monitoring-uks","uksouth","CloudHsmServiceOperationAuditLogs","0","No Data"
"6052118b-adbb-4504-a41a-e8e1121163fe","TLZADM-PROD-SUB-01","Monster-LA","rg-az-monitoring-uks","uksouth","NSPAccessLogs","0","No Data"
"6052118b-adbb-4504-a41a-e8e1121163fe","TLZADM-PROD-SUB-01","Monster-LA","rg-az-monitoring-uks","uksouth","AGWFirewallLogs","0","No Data"
"6052118b-adbb-4504-a41a-e8e1121163fe","TLZADM-PROD-SUB-01","Monster-LA","rg-az-monitoring-uks","uksouth","CDBControlPlaneRequests","0","No Data"
"6052118b-adbb-4504-a41a-e8e1121163fe","TLZADM-PROD-SUB-01","Monster-LA","rg-az-monitoring-uks","uksouth","DatabricksApps","0","No Data"
"6052118b-adbb-4504-a41a-e8e1121163fe","TLZADM-PROD-SUB-01","Monster-LA","rg-az-monitoring-uks","uksouth","DatabricksClusterPolicies","0","No Data"
"6052118b-adbb-4504-a41a-e8e1121163fe","TLZADM-PROD-SUB-01","Monster-LA","rg-az-monitoring-uks","uksouth","DatabricksDataRooms","0","No Data"
"6052118b-adbb-4504-a41a-e8e1121163fe","TLZADM-PROD-SUB-01","Monster-LA","rg-az-monitoring-uks","uksouth","DatabricksGroups","0","No Data"
"6052118b-adbb-4504-a41a-e8e1121163fe","TLZADM-PROD-SUB-01","Monster-LA","rg-az-monitoring-uks","uksouth","DatabricksMarketplaceProvider","0","No Data"
"6052118b-adbb-4504-a41a-e8e1121163fe","TLZADM-PROD-SUB-01","Monster-LA","rg-az-monitoring-uks","uksouth","DatabricksOnlineTables","0","No Data"
"6052118b-adbb-4504-a41a-e8e1121163fe","TLZADM-PROD-SUB-01","Monster-LA","rg-az-monitoring-uks","uksouth","DatabricksRBAC","0","No Data"
"6052118b-adbb-4504-a41a-e8e1121163fe","TLZADM-PROD-SUB-01","Monster-LA","rg-az-monitoring-uks","uksouth","DatabricksRFA","0","No Data"
"6052118b-adbb-4504-a41a-e8e1121163fe","TLZADM-PROD-SUB-01","Monster-LA","rg-az-monitoring-uks","uksouth","DatabricksVectorSearch","0","No Data"
"6052118b-adbb-4504-a41a-e8e1121163fe","TLZADM-PROD-SUB-01","Monster-LA","rg-az-monitoring-uks","uksouth","DatabricksWebhookNotifications","0","No Data"
"6052118b-adbb-4504-a41a-e8e1121163fe","TLZADM-PROD-SUB-01","Monster-LA","rg-az-monitoring-uks","uksouth","DatabricksWorkspaceFiles","0","No Data"
"6052118b-adbb-4504-a41a-e8e1121163fe","TLZADM-PROD-SUB-01","Monster-LA","rg-az-monitoring-uks","uksouth","DatabricksLakeviewConfig","0","No Data"
"6052118b-adbb-4504-a41a-e8e1121163fe","TLZADM-PROD-SUB-01","Monster-LA","rg-az-monitoring-uks","uksouth","DatabricksFiles","0","No Data"
"6052118b-adbb-4504-a41a-e8e1121163fe","TLZADM-PROD-SUB-01","Monster-LA","rg-az-monitoring-uks","uksouth","DatabricksBudgetPolicyCentral","0","No Data"
"6052118b-adbb-4504-a41a-e8e1121163fe","TLZADM-PROD-SUB-01","Monster-LA","rg-az-monitoring-uks","uksouth","AEWExperimentAssignmentSummary","0","No Data"
"6052118b-adbb-4504-a41a-e8e1121163fe","TLZADM-PROD-SUB-01","Monster-LA","rg-az-monitoring-uks","uksouth","AEWExperimentScorecards","0","No Data"
"6052118b-adbb-4504-a41a-e8e1121163fe","TLZADM-PROD-SUB-01","Monster-LA","rg-az-monitoring-uks","uksouth","AEWExperimentScorecardMetricPairs","0","No Data"
"6052118b-adbb-4504-a41a-e8e1121163fe","TLZADM-PROD-SUB-01","Monster-LA","rg-az-monitoring-uks","uksouth","MDCDetectionGatingValidationEvents","0","No Data"
"6052118b-adbb-4504-a41a-e8e1121163fe","TLZADM-PROD-SUB-01","Monster-LA","rg-az-monitoring-uks","uksouth","MDECustomCollectionDeviceFileEvents","0","No Data"
"6052118b-adbb-4504-a41a-e8e1121163fe","TLZADM-PROD-SUB-01","Monster-LA","rg-az-monitoring-uks","uksouth","TOUserAudits","0","No Data"
"6052118b-adbb-4504-a41a-e8e1121163fe","TLZADM-PROD-SUB-01","Monster-LA","rg-az-monitoring-uks","uksouth","TOUserDiagnostics","0","No Data"
"6052118b-adbb-4504-a41a-e8e1121163fe","TLZADM-PROD-SUB-01","Monster-LA","rg-az-monitoring-uks","uksouth","ATCMicrosoftPeeringMetadata","0","No Data"
"6052118b-adbb-4504-a41a-e8e1121163fe","TLZADM-PROD-SUB-01","Monster-LA","rg-az-monitoring-uks","uksouth","AADRiskyServicePrincipals","0","No Data"
"6052118b-adbb-4504-a41a-e8e1121163fe","TLZADM-PROD-SUB-01","Monster-LA","rg-az-monitoring-uks","uksouth","MDCDetectionDNSEvents","0","No Data"
"6052118b-adbb-4504-a41a-e8e1121163fe","TLZADM-PROD-SUB-01","Monster-LA","rg-az-monitoring-uks","uksouth","VCoreMongoRequests","0","No Data"
"6052118b-adbb-4504-a41a-e8e1121163fe","TLZADM-PROD-SUB-01","Monster-LA","rg-az-monitoring-uks","uksouth","NetworkAccessConnectionEvents","0","No Data"
"6052118b-adbb-4504-a41a-e8e1121163fe","TLZADM-PROD-SUB-01","Monster-LA","rg-az-monitoring-uks","uksouth","ADXDataOperation","0","No Data"
"6052118b-adbb-4504-a41a-e8e1121163fe","TLZADM-PROD-SUB-01","Monster-LA","rg-az-monitoring-uks","uksouth","SigninLogs","0","No Data"
"6052118b-adbb-4504-a41a-e8e1121163fe","TLZADM-PROD-SUB-01","Monster-LA","rg-az-monitoring-uks","uksouth","AGWAccessLogs","0","No Data"
"6052118b-adbb-4504-a41a-e8e1121163fe","TLZADM-PROD-SUB-01","Monster-LA","rg-az-monitoring-uks","uksouth","ACSCallDiagnosticsUpdates","0","No Data"
"6052118b-adbb-4504-a41a-e8e1121163fe","TLZADM-PROD-SUB-01","Monster-LA","rg-az-monitoring-uks","uksouth","ACSCallingMetrics","0","No Data"
"6052118b-adbb-4504-a41a-e8e1121163fe","TLZADM-PROD-SUB-01","Monster-LA","rg-az-monitoring-uks","uksouth","ACSCallSummaryUpdates","0","No Data"
"6052118b-adbb-4504-a41a-e8e1121163fe","TLZADM-PROD-SUB-01","Monster-LA","rg-az-monitoring-uks","uksouth","AGSGrafanaUsageInsightsEvents","0","No Data"
"6052118b-adbb-4504-a41a-e8e1121163fe","TLZADM-PROD-SUB-01","Monster-LA","rg-az-monitoring-uks","uksouth","NCCPlatformOperationsLogs","0","No Data"
"6052118b-adbb-4504-a41a-e8e1121163fe","TLZADM-PROD-SUB-01","Monster-LA","rg-az-monitoring-uks","uksouth","NatGatewayFlowlogsV1","0","No Data"
"6052118b-adbb-4504-a41a-e8e1121163fe","TLZADM-PROD-SUB-01","Monster-LA","rg-az-monitoring-uks","uksouth","SCGPoolExecutionLog","0","No Data"
"6052118b-adbb-4504-a41a-e8e1121163fe","TLZADM-PROD-SUB-01","Monster-LA","rg-az-monitoring-uks","uksouth","SCGPoolRequestLog","0","No Data"
"6052118b-adbb-4504-a41a-e8e1121163fe","TLZADM-PROD-SUB-01","Monster-LA","rg-az-monitoring-uks","uksouth","SVMPoolExecutionLog","0","No Data"
"6052118b-adbb-4504-a41a-e8e1121163fe","TLZADM-PROD-SUB-01","Monster-LA","rg-az-monitoring-uks","uksouth","SVMPoolRequestLog","0","No Data"
"6052118b-adbb-4504-a41a-e8e1121163fe","TLZADM-PROD-SUB-01","Monster-LA","rg-az-monitoring-uks","uksouth","AADNonInteractiveUserSignInLogs","0","No Data"
"6052118b-adbb-4504-a41a-e8e1121163fe","TLZADM-PROD-SUB-01","Monster-LA","rg-az-monitoring-uks","uksouth","AADServicePrincipalSignInLogs","0","No Data"
"6052118b-adbb-4504-a41a-e8e1121163fe","TLZADM-PROD-SUB-01","Monster-LA","rg-az-monitoring-uks","uksouth","AADManagedIdentitySignInLogs","0","No Data"
"6052118b-adbb-4504-a41a-e8e1121163fe","TLZADM-PROD-SUB-01","Monster-LA","rg-az-monitoring-uks","uksouth","NginxUpstreamUpdateLogs","0","No Data"
"6052118b-adbb-4504-a41a-e8e1121163fe","TLZADM-PROD-SUB-01","Monster-LA","rg-az-monitoring-uks","uksouth","OEWExperimentAssignmentSummary","0","No Data"
"6052118b-adbb-4504-a41a-e8e1121163fe","TLZADM-PROD-SUB-01","Monster-LA","rg-az-monitoring-uks","uksouth","OEWExperimentScorecards","0","No Data"
"6052118b-adbb-4504-a41a-e8e1121163fe","TLZADM-PROD-SUB-01","Monster-LA","rg-az-monitoring-uks","uksouth","OEWExperimentScorecardMetricPairs","0","No Data"
"6052118b-adbb-4504-a41a-e8e1121163fe","TLZADM-PROD-SUB-01","Monster-LA","rg-az-monitoring-uks","uksouth","Alert","0","No Data"
"6052118b-adbb-4504-a41a-e8e1121163fe","TLZADM-PROD-SUB-01","Monster-LA","rg-az-monitoring-uks","uksouth","MDCDetectionFimEvents","0","No Data"
"6052118b-adbb-4504-a41a-e8e1121163fe","TLZADM-PROD-SUB-01","Monster-LA","rg-az-monitoring-uks","uksouth","BehaviorInfo","0","No Data"
"6052118b-adbb-4504-a41a-e8e1121163fe","TLZADM-PROD-SUB-01","Monster-LA","rg-az-monitoring-uks","uksouth","BehaviorEntities","0","No Data"
"6052118b-adbb-4504-a41a-e8e1121163fe","TLZADM-PROD-SUB-01","Monster-LA","rg-az-monitoring-uks","uksouth","AZFWNetworkRule","0","No Data"
"6052118b-adbb-4504-a41a-e8e1121163fe","TLZADM-PROD-SUB-01","Monster-LA","rg-az-monitoring-uks","uksouth","AZFWFatFlow","0","No Data"
"6052118b-adbb-4504-a41a-e8e1121163fe","TLZADM-PROD-SUB-01","Monster-LA","rg-az-monitoring-uks","uksouth","AZFWApplicationRule","0","No Data"
"6052118b-adbb-4504-a41a-e8e1121163fe","TLZADM-PROD-SUB-01","Monster-LA","rg-az-monitoring-uks","uksouth","AZFWThreatIntel","0","No Data"
"6052118b-adbb-4504-a41a-e8e1121163fe","TLZADM-PROD-SUB-01","Monster-LA","rg-az-monitoring-uks","uksouth","AZFWNatRule","0","No Data"
"6052118b-adbb-4504-a41a-e8e1121163fe","TLZADM-PROD-SUB-01","Monster-LA","rg-az-monitoring-uks","uksouth","AZFWIdpsSignature","0","No Data"
"6052118b-adbb-4504-a41a-e8e1121163fe","TLZADM-PROD-SUB-01","Monster-LA","rg-az-monitoring-uks","uksouth","AZFWDnsQuery","0","No Data"
"6052118b-adbb-4504-a41a-e8e1121163fe","TLZADM-PROD-SUB-01","Monster-LA","rg-az-monitoring-uks","uksouth","AZFWInternalFqdnResolutionFailure","0","No Data"
"6052118b-adbb-4504-a41a-e8e1121163fe","TLZADM-PROD-SUB-01","Monster-LA","rg-az-monitoring-uks","uksouth","AZFWNetworkRuleAggregation","0","No Data"
"6052118b-adbb-4504-a41a-e8e1121163fe","TLZADM-PROD-SUB-01","Monster-LA","rg-az-monitoring-uks","uksouth","AZFWApplicationRuleAggregation","0","No Data"
"6052118b-adbb-4504-a41a-e8e1121163fe","TLZADM-PROD-SUB-01","Monster-LA","rg-az-monitoring-uks","uksouth","AZFWNatRuleAggregation","0","No Data"
"6052118b-adbb-4504-a41a-e8e1121163fe","TLZADM-PROD-SUB-01","Monster-LA","rg-az-monitoring-uks","uksouth","AppEnvSessionConsoleLogs","0","No Data"
"6052118b-adbb-4504-a41a-e8e1121163fe","TLZADM-PROD-SUB-01","Monster-LA","rg-az-monitoring-uks","uksouth","AppEnvSessionPoolEventLogs","0","No Data"
"6052118b-adbb-4504-a41a-e8e1121163fe","TLZADM-PROD-SUB-01","Monster-LA","rg-az-monitoring-uks","uksouth","AppEnvSessionLifecycleLogs","0","No Data"
"6052118b-adbb-4504-a41a-e8e1121163fe","TLZADM-PROD-SUB-01","Monster-LA","rg-az-monitoring-uks","uksouth","NetworkAccessTraffic","0","No Data"
"6052118b-adbb-4504-a41a-e8e1121163fe","TLZADM-PROD-SUB-01","Monster-LA","rg-az-monitoring-uks","uksouth","ACSOptOutManagementOperations","0","No Data"
"6052118b-adbb-4504-a41a-e8e1121163fe","TLZADM-PROD-SUB-01","Monster-LA","rg-az-monitoring-uks","uksouth","ADXCommand","0","No Data"
"6052118b-adbb-4504-a41a-e8e1121163fe","TLZADM-PROD-SUB-01","Monster-LA","rg-az-monitoring-uks","uksouth","ADXQuery","0","No Data"
"6052118b-adbb-4504-a41a-e8e1121163fe","TLZADM-PROD-SUB-01","Monster-LA","rg-az-monitoring-uks","uksouth","ContainerImageInventory","0","No Data"
"6052118b-adbb-4504-a41a-e8e1121163fe","TLZADM-PROD-SUB-01","Monster-LA","rg-az-monitoring-uks","uksouth","ContainerInventory","0","No Data"
"6052118b-adbb-4504-a41a-e8e1121163fe","TLZADM-PROD-SUB-01","Monster-LA","rg-az-monitoring-uks","uksouth","ContainerNodeInventory","0","No Data"
"6052118b-adbb-4504-a41a-e8e1121163fe","TLZADM-PROD-SUB-01","Monster-LA","rg-az-monitoring-uks","uksouth","ContainerServiceLog","0","No Data"
"6052118b-adbb-4504-a41a-e8e1121163fe","TLZADM-PROD-SUB-01","Monster-LA","rg-az-monitoring-uks","uksouth","KubeEvents","0","No Data"
"6052118b-adbb-4504-a41a-e8e1121163fe","TLZADM-PROD-SUB-01","Monster-LA","rg-az-monitoring-uks","uksouth","KubeHealth","0","No Data"
"6052118b-adbb-4504-a41a-e8e1121163fe","TLZADM-PROD-SUB-01","Monster-LA","rg-az-monitoring-uks","uksouth","KubeMonAgentEvents","0","No Data"
"6052118b-adbb-4504-a41a-e8e1121163fe","TLZADM-PROD-SUB-01","Monster-LA","rg-az-monitoring-uks","uksouth","KubePodInventory","0","No Data"
"6052118b-adbb-4504-a41a-e8e1121163fe","TLZADM-PROD-SUB-01","Monster-LA","rg-az-monitoring-uks","uksouth","KubeServices","0","No Data"
"6052118b-adbb-4504-a41a-e8e1121163fe","TLZADM-PROD-SUB-01","Monster-LA","rg-az-monitoring-uks","uksouth","VMConnection","0","No Data"
"6052118b-adbb-4504-a41a-e8e1121163fe","TLZADM-PROD-SUB-01","Monster-LA","rg-az-monitoring-uks","uksouth","ContainerLog","0","No Data"
"6052118b-adbb-4504-a41a-e8e1121163fe","TLZADM-PROD-SUB-01","Monster-LA","rg-az-monitoring-uks","uksouth","KubePVInventory","0","No Data"
"6052118b-adbb-4504-a41a-e8e1121163fe","TLZADM-PROD-SUB-01","Monster-LA","rg-az-monitoring-uks","uksouth","WindowsClientAssessmentRecommendation","0","No Data"
"6052118b-adbb-4504-a41a-e8e1121163fe","TLZADM-PROD-SUB-01","Monster-LA","rg-az-monitoring-uks","uksouth","AzureAssessmentRecommendation","0","No Data"
"6052118b-adbb-4504-a41a-e8e1121163fe","TLZADM-PROD-SUB-01","Monster-LA","rg-az-monitoring-uks","uksouth","ExchangeAssessmentRecommendation","0","No Data"
"6052118b-adbb-4504-a41a-e8e1121163fe","TLZADM-PROD-SUB-01","Monster-LA","rg-az-monitoring-uks","uksouth","ExchangeOnlineAssessmentRecommendation","0","No Data"
"6052118b-adbb-4504-a41a-e8e1121163fe","TLZADM-PROD-SUB-01","Monster-LA","rg-az-monitoring-uks","uksouth","SCCMAssessmentRecommendation","0","No Data"
"6052118b-adbb-4504-a41a-e8e1121163fe","TLZADM-PROD-SUB-01","Monster-LA","rg-az-monitoring-uks","uksouth","SfBAssessmentRecommendation","0","No Data"
"6052118b-adbb-4504-a41a-e8e1121163fe","TLZADM-PROD-SUB-01","Monster-LA","rg-az-monitoring-uks","uksouth","SfBOnlineAssessmentRecommendation","0","No Data"
"6052118b-adbb-4504-a41a-e8e1121163fe","TLZADM-PROD-SUB-01","Monster-LA","rg-az-monitoring-uks","uksouth","SharePointOnlineAssessmentRecommendation","0","No Data"
"6052118b-adbb-4504-a41a-e8e1121163fe","TLZADM-PROD-SUB-01","Monster-LA","rg-az-monitoring-uks","uksouth","SPAssessmentRecommendation","0","No Data"
"6052118b-adbb-4504-a41a-e8e1121163fe","TLZADM-PROD-SUB-01","Monster-LA","rg-az-monitoring-uks","uksouth","WindowsServerAssessmentRecommendation","0","No Data"
"6052118b-adbb-4504-a41a-e8e1121163fe","TLZADM-PROD-SUB-01","Monster-LA","rg-az-monitoring-uks","uksouth","ADAssessmentRecommendation","0","No Data"
"6052118b-adbb-4504-a41a-e8e1121163fe","TLZADM-PROD-SUB-01","Monster-LA","rg-az-monitoring-uks","uksouth","ADSecurityAssessmentRecommendation","0","No Data"
"6052118b-adbb-4504-a41a-e8e1121163fe","TLZADM-PROD-SUB-01","Monster-LA","rg-az-monitoring-uks","uksouth","SCOMAssessmentRecommendation","0","No Data"
"6052118b-adbb-4504-a41a-e8e1121163fe","TLZADM-PROD-SUB-01","Monster-LA","rg-az-monitoring-uks","uksouth","SQLAssessmentRecommendation","0","No Data"
"6052118b-adbb-4504-a41a-e8e1121163fe","TLZADM-PROD-SUB-01","Monster-LA","rg-az-monitoring-uks","uksouth","ADReplicationResult","0","No Data"
"6052118b-adbb-4504-a41a-e8e1121163fe","TLZADM-PROD-SUB-01","Monster-LA","rg-az-monitoring-uks","uksouth","KubeNodeInventory","0","No Data"
"6052118b-adbb-4504-a41a-e8e1121163fe","TLZADM-PROD-SUB-01","Monster-LA","rg-az-monitoring-uks","uksouth","HealthStateChangeEvent","0","No Data"
"6052118b-adbb-4504-a41a-e8e1121163fe","TLZADM-PROD-SUB-01","Monster-LA","rg-az-monitoring-uks","uksouth","VMBoundPort","0","No Data"
"6052118b-adbb-4504-a41a-e8e1121163fe","TLZADM-PROD-SUB-01","Monster-LA","rg-az-monitoring-uks","uksouth","VMComputer","0","No Data"
"6052118b-adbb-4504-a41a-e8e1121163fe","TLZADM-PROD-SUB-01","Monster-LA","rg-az-monitoring-uks","uksouth","ContainerLogV2","0","No Data"
"6052118b-adbb-4504-a41a-e8e1121163fe","TLZADM-PROD-SUB-01","Monster-LA","rg-az-monitoring-uks","uksouth","VMProcess","0","No Data"
"6052118b-adbb-4504-a41a-e8e1121163fe","TLZADM-PROD-SUB-01","Monster-LA","rg-az-monitoring-uks","uksouth","NginxLogs_CL","0","No Data"
"6052118b-adbb-4504-a41a-e8e1121163fe","TLZADM-PROD-SUB-01","Monster-LA","rg-az-monitoring-uks","uksouth","addsmonitoring_CL","0","No Data"
